2026-05-07T20:26:58.267+05:30  INFO 2690 --- [restartedMain] c.s.s.SmartnotesBackendApplication       : Starting SmartnotesBackendApplication using Java 26 with PID 2690 (/Users/rahul/Downloads/smartnotes-backend/target/classes started by rahul in /Users/rahul/Downloads/smartnotes-backend)
2026-05-07T20:26:58.267+05:30 DEBUG 2690 --- [restartedMain] c.s.s.SmartnotesBackendApplication       : Running with Spring Boot v4.0.6, Spring v7.0.7
2026-05-07T20:26:58.268+05:30  INFO 2690 --- [restartedMain] c.s.s.SmartnotesBackendApplication       : No active profile set, falling back to 1 default profile: "default"
2026-05-07T20:26:58.283+05:30  INFO 2690 --- [restartedMain] .e.DevToolsPropertyDefaultsPostProcessor : Devtools property defaults active! Set 'spring.devtools.add-properties' to 'false' to disable
2026-05-07T20:26:58.283+05:30  INFO 2690 --- [restartedMain] .e.DevToolsPropertyDefaultsPostProcessor : For additional web related logging consider setting the 'logging.level.web' property to 'DEBUG'
2026-05-07T20:26:58.557+05:30  INFO 2690 --- [restartedMain] .s.d.r.c.RepositoryConfigurationDelegate : Bootstrapping Spring Data JPA repositories in DEFAULT mode.
2026-05-07T20:26:58.572+05:30  INFO 2690 --- [restartedMain] .s.d.r.c.RepositoryConfigurationDelegate : Finished Spring Data repository scanning in 12 ms. Found 3 JPA repository interfaces.
2026-05-07T20:26:58.777+05:30  INFO 2690 --- [restartedMain] o.s.boot.tomcat.TomcatWebServer          : Tomcat initialized with port 8080 (http)
2026-05-07T20:26:58.782+05:30  INFO 2690 --- [restartedMain] o.apache.catalina.core.StandardService   : Starting service [Tomcat]
2026-05-07T20:26:58.782+05:30  INFO 2690 --- [restartedMain] o.apache.catalina.core.StandardEngine    : Starting Servlet engine: [Apache Tomcat/11.0.21]
2026-05-07T20:26:58.792+05:30  INFO 2690 --- [restartedMain] b.w.c.s.WebApplicationContextInitializer : Root WebApplicationContext: initialization completed in 509 ms
2026-05-07T20:26:58.866+05:30  INFO 2690 --- [restartedMain] org.hibernate.orm.jpa                    : HHH008540: Processing PersistenceUnitInfo [name: default]
2026-05-07T20:26:58.888+05:30  INFO 2690 --- [restartedMain] org.hibernate.orm.core                   : HHH000001: Hibernate ORM core version 7.2.12.Final
2026-05-07T20:26:59.030+05:30  INFO 2690 --- [restartedMain] o.s.o.j.p.SpringPersistenceUnitInfo      : No LoadTimeWeaver setup: ignoring JPA class transformer
2026-05-07T20:26:59.041+05:30  INFO 2690 --- [restartedMain] com.zaxxer.hikari.HikariDataSource       : HikariPool-1 - Starting...
2026-05-07T20:26:59.104+05:30  INFO 2690 --- [restartedMain] com.zaxxer.hikari.pool.HikariPool        : HikariPool-1 - Added connection org.postgresql.jdbc.PgConnection@41fda146
2026-05-07T20:26:59.105+05:30  INFO 2690 --- [restartedMain] com.zaxxer.hikari.HikariDataSource       : HikariPool-1 - Start completed.
2026-05-07T20:26:59.143+05:30  INFO 2690 --- [restartedMain] org.hibernate.orm.connections.pooling    : HHH10001005: Database info:
	Database JDBC URL [jdbc:postgresql://localhost:5432/smartnotes]
	Database driver: PostgreSQL JDBC Driver
	Database dialect: PostgreSQLDialect
	Database version: 16.13
	Default catalog/schema: smartnotes/public
	Autocommit mode: undefined/unknown
	Isolation level: READ_COMMITTED [default READ_COMMITTED]
	JDBC fetch size: none
	Pool: DataSourceConnectionProvider
	Minimum pool size: undefined/unknown
	Maximum pool size: undefined/unknown
2026-05-07T20:26:59.506+05:30  INFO 2690 --- [restartedMain] org.hibernate.orm.core                   : HHH000489: No JTA platform available (set 'hibernate.transaction.jta.platform' to enable JTA platform integration)
2026-05-07T20:26:59.554+05:30  INFO 2690 --- [restartedMain] j.LocalContainerEntityManagerFactoryBean : Initialized JPA EntityManagerFactory for persistence unit 'default'
2026-05-07T20:26:59.576+05:30  INFO 2690 --- [restartedMain] o.s.d.j.r.query.QueryEnhancerFactories   : Hibernate is in classpath; If applicable, HQL parser will be used.
2026-05-07T20:26:59.641+05:30 DEBUG 2690 --- [restartedMain] c.s.s.config.JwtAuthFilter               : Filter 'jwtAuthFilter' configured for use
2026-05-07T20:26:59.657+05:30  INFO 2690 --- [restartedMain] eAuthenticationProviderManagerConfigurer : Global AuthenticationManager configured with AuthenticationProvider bean with name authenticationProvider
2026-05-07T20:26:59.658+05:30  WARN 2690 --- [restartedMain] r$InitializeUserDetailsManagerConfigurer : Global AuthenticationManager configured with an AuthenticationProvider bean. UserDetailsService beans will not be used by Spring Security for automatically configuring username/password login. Consider removing the AuthenticationProvider bean. Alternatively, consider using the UserDetailsService in a manually instantiated DaoAuthenticationProvider. If the current configuration is intentional, to turn off this warning, increase the logging level of 'org.springframework.security.config.annotation.authentication.configuration.InitializeUserDetailsBeanManagerConfigurer' to ERROR
2026-05-07T20:26:59.921+05:30  WARN 2690 --- [restartedMain] JpaBaseConfiguration$JpaWebConfiguration : spring.jpa.open-in-view is enabled by default. Therefore, database queries may be performed during view rendering. Explicitly configure spring.jpa.open-in-view to disable this warning
2026-05-07T20:27:00.131+05:30  INFO 2690 --- [restartedMain] o.s.b.a.e.web.EndpointLinksResolver      : Exposing 6 endpoints beneath base path '/actuator'
2026-05-07T20:27:00.169+05:30  INFO 2690 --- [restartedMain] o.a.kafka.common.config.AbstractConfig   : AdminClientConfig values: 
	bootstrap.controllers = []
	bootstrap.servers = [localhost:9092]
	client.dns.lookup = use_all_dns_ips
	client.id = 
	connections.max.idle.ms = 300000
	default.api.timeout.ms = 60000
	enable.metrics.push = false
	metadata.max.age.ms = 300000
	metadata.recovery.rebootstrap.trigger.ms = 300000
	metadata.recovery.strategy = rebootstrap
	metric.reporters = [org.apache.kafka.common.metrics.JmxReporter]
	metrics.num.samples = 2
	metrics.recording.level = INFO
	metrics.sample.window.ms = 30000
	receive.buffer.bytes = 65536
	reconnect.backoff.max.ms = 1000
	reconnect.backoff.ms = 50
	request.timeout.ms = 30000
	retries = 2147483647
	retry.backoff.max.ms = 1000
	retry.backoff.ms = 100
	sasl.client.callback.handler.class = null
	sasl.jaas.config = null
	sasl.kerberos.kinit.cmd = /usr/bin/kinit
	sasl.kerberos.min.time.before.relogin = 60000
	sasl.kerberos.service.name = null
	sasl.kerberos.ticket.renew.jitter = 0.05
	sasl.kerberos.ticket.renew.window.factor = 0.8
	sasl.login.callback.handler.class = null
	sasl.login.class = null
	sasl.login.connect.timeout.ms = null
	sasl.login.read.timeout.ms = null
	sasl.login.refresh.buffer.seconds = 300
	sasl.login.refresh.min.period.seconds = 60
	sasl.login.refresh.window.factor = 0.8
	sasl.login.refresh.window.jitter = 0.05
	sasl.login.retry.backoff.max.ms = 10000
	sasl.login.retry.backoff.ms = 100
	sasl.mechanism = GSSAPI
	sasl.oauthbearer.assertion.algorithm = RS256
	sasl.oauthbearer.assertion.claim.aud = null
	sasl.oauthbearer.assertion.claim.exp.seconds = 300
	sasl.oauthbearer.assertion.claim.iss = null
	sasl.oauthbearer.assertion.claim.jti.include = false
	sasl.oauthbearer.assertion.claim.nbf.seconds = 60
	sasl.oauthbearer.assertion.claim.sub = null
	sasl.oauthbearer.assertion.file = null
	sasl.oauthbearer.assertion.private.key.file = null
	sasl.oauthbearer.assertion.private.key.passphrase = null
	sasl.oauthbearer.assertion.template.file = null
	sasl.oauthbearer.client.credentials.client.id = null
	sasl.oauthbearer.client.credentials.client.secret = null
	sasl.oauthbearer.clock.skew.seconds = 30
	sasl.oauthbearer.expected.audience = null
	sasl.oauthbearer.expected.issuer = null
	sasl.oauthbearer.header.urlencode = false
	sasl.oauthbearer.jwks.endpoint.refresh.ms = 3600000
	sasl.oauthbearer.jwks.endpoint.retry.backoff.max.ms = 10000
	sasl.oauthbearer.jwks.endpoint.retry.backoff.ms = 100
	sasl.oauthbearer.jwks.endpoint.url = null
	sasl.oauthbearer.jwt.retriever.class = class org.apache.kafka.common.security.oauthbearer.DefaultJwtRetriever
	sasl.oauthbearer.jwt.validator.class = class org.apache.kafka.common.security.oauthbearer.DefaultJwtValidator
	sasl.oauthbearer.scope = null
	sasl.oauthbearer.scope.claim.name = scope
	sasl.oauthbearer.sub.claim.name = sub
	sasl.oauthbearer.token.endpoint.url = null
	security.protocol = PLAINTEXT
	security.providers = null
	send.buffer.bytes = 131072
	socket.connection.setup.timeout.max.ms = 30000
	socket.connection.setup.timeout.ms = 10000
	ssl.cipher.suites = null
	ssl.enabled.protocols = [TLSv1.2, TLSv1.3]
	ssl.endpoint.identification.algorithm = https
	ssl.engine.factory.class = null
	ssl.key.password = null
	ssl.keymanager.algorithm = SunX509
	ssl.keystore.certificate.chain = null
	ssl.keystore.key = null
	ssl.keystore.location = null
	ssl.keystore.password = null
	ssl.keystore.type = JKS
	ssl.protocol = TLSv1.3
	ssl.provider = null
	ssl.secure.random.implementation = null
	ssl.trustmanager.algorithm = PKIX
	ssl.truststore.certificates = null
	ssl.truststore.location = null
	ssl.truststore.password = null
	ssl.truststore.type = JKS

2026-05-07T20:27:00.217+05:30  INFO 2690 --- [restartedMain] o.a.kafka.common.utils.AppInfoParser     : Kafka version: 4.1.2
2026-05-07T20:27:00.217+05:30  INFO 2690 --- [restartedMain] o.a.kafka.common.utils.AppInfoParser     : Kafka commitId: c82fd9b934b4c1e6
2026-05-07T20:27:00.217+05:30  INFO 2690 --- [restartedMain] o.a.kafka.common.utils.AppInfoParser     : Kafka startTimeMs: 1778165820217
2026-05-07T20:27:00.383+05:30  INFO 2690 --- [restartedMain] o.apache.kafka.common.metrics.Metrics    : Metrics scheduler closed
2026-05-07T20:27:00.383+05:30  INFO 2690 --- [restartedMain] o.apache.kafka.common.metrics.Metrics    : Closing reporter org.apache.kafka.common.metrics.JmxReporter
2026-05-07T20:27:00.383+05:30  INFO 2690 --- [restartedMain] o.apache.kafka.common.metrics.Metrics    : Metrics reporters closed
2026-05-07T20:27:00.383+05:30  INFO 2690 --- [kafka-admin-client-thread | adminclient-1] o.a.kafka.common.utils.AppInfoParser     : App info kafka.admin.client for adminclient-1 unregistered
2026-05-07T20:27:00.385+05:30  INFO 2690 --- [kafka-admin-client-thread | adminclient-1] o.apache.kafka.common.metrics.Metrics    : Metrics scheduler closed
2026-05-07T20:27:00.385+05:30  INFO 2690 --- [kafka-admin-client-thread | adminclient-1] o.apache.kafka.common.metrics.Metrics    : Closing reporter org.apache.kafka.common.metrics.JmxReporter
2026-05-07T20:27:00.385+05:30  INFO 2690 --- [kafka-admin-client-thread | adminclient-1] o.apache.kafka.common.metrics.Metrics    : Metrics reporters closed
2026-05-07T20:27:00.391+05:30  INFO 2690 --- [restartedMain] o.s.boot.tomcat.TomcatWebServer          : Tomcat started on port 8080 (http) with context path '/'
2026-05-07T20:27:00.401+05:30  INFO 2690 --- [restartedMain] o.a.kafka.common.config.AbstractConfig   : ConsumerConfig values: 
	allow.auto.create.topics = true
	auto.commit.interval.ms = 5000
	auto.offset.reset = earliest
	bootstrap.servers = [localhost:9092]
	check.crcs = true
	client.dns.lookup = use_all_dns_ips
	client.id = consumer-smartnotes-group-1
	client.rack = 
	connections.max.idle.ms = 540000
	default.api.timeout.ms = 60000
	enable.auto.commit = false
	enable.metrics.push = true
	exclude.internal.topics = true
	fetch.max.bytes = 52428800
	fetch.max.wait.ms = 500
	fetch.min.bytes = 1
	group.id = smartnotes-group
	group.instance.id = null
	group.protocol = classic
	group.remote.assignor = null
	heartbeat.interval.ms = 3000
	interceptor.classes = []
	internal.leave.group.on.close = true
	internal.throw.on.fetch.stable.offset.unsupported = false
	isolation.level = read_uncommitted
	key.deserializer = class org.apache.kafka.common.serialization.StringDeserializer
	max.partition.fetch.bytes = 1048576
	max.poll.interval.ms = 300000
	max.poll.records = 500
	metadata.max.age.ms = 300000
	metadata.recovery.rebootstrap.trigger.ms = 300000
	metadata.recovery.strategy = rebootstrap
	metric.reporters = [org.apache.kafka.common.metrics.JmxReporter]
	metrics.num.samples = 2
	metrics.recording.level = INFO
	metrics.sample.window.ms = 30000
	partition.assignment.strategy = [class org.apache.kafka.clients.consumer.RangeAssignor, class org.apache.kafka.clients.consumer.CooperativeStickyAssignor]
	receive.buffer.bytes = 65536
	reconnect.backoff.max.ms = 1000
	reconnect.backoff.ms = 50
	request.timeout.ms = 30000
	retry.backoff.max.ms = 1000
	retry.backoff.ms = 100
	sasl.client.callback.handler.class = null
	sasl.jaas.config = null
	sasl.kerberos.kinit.cmd = /usr/bin/kinit
	sasl.kerberos.min.time.before.relogin = 60000
	sasl.kerberos.service.name = null
	sasl.kerberos.ticket.renew.jitter = 0.05
	sasl.kerberos.ticket.renew.window.factor = 0.8
	sasl.login.callback.handler.class = null
	sasl.login.class = null
	sasl.login.connect.timeout.ms = null
	sasl.login.read.timeout.ms = null
	sasl.login.refresh.buffer.seconds = 300
	sasl.login.refresh.min.period.seconds = 60
	sasl.login.refresh.window.factor = 0.8
	sasl.login.refresh.window.jitter = 0.05
	sasl.login.retry.backoff.max.ms = 10000
	sasl.login.retry.backoff.ms = 100
	sasl.mechanism = GSSAPI
	sasl.oauthbearer.assertion.algorithm = RS256
	sasl.oauthbearer.assertion.claim.aud = null
	sasl.oauthbearer.assertion.claim.exp.seconds = 300
	sasl.oauthbearer.assertion.claim.iss = null
	sasl.oauthbearer.assertion.claim.jti.include = false
	sasl.oauthbearer.assertion.claim.nbf.seconds = 60
	sasl.oauthbearer.assertion.claim.sub = null
	sasl.oauthbearer.assertion.file = null
	sasl.oauthbearer.assertion.private.key.file = null
	sasl.oauthbearer.assertion.private.key.passphrase = null
	sasl.oauthbearer.assertion.template.file = null
	sasl.oauthbearer.client.credentials.client.id = null
	sasl.oauthbearer.client.credentials.client.secret = null
	sasl.oauthbearer.clock.skew.seconds = 30
	sasl.oauthbearer.expected.audience = null
	sasl.oauthbearer.expected.issuer = null
	sasl.oauthbearer.header.urlencode = false
	sasl.oauthbearer.jwks.endpoint.refresh.ms = 3600000
	sasl.oauthbearer.jwks.endpoint.retry.backoff.max.ms = 10000
	sasl.oauthbearer.jwks.endpoint.retry.backoff.ms = 100
	sasl.oauthbearer.jwks.endpoint.url = null
	sasl.oauthbearer.jwt.retriever.class = class org.apache.kafka.common.security.oauthbearer.DefaultJwtRetriever
	sasl.oauthbearer.jwt.validator.class = class org.apache.kafka.common.security.oauthbearer.DefaultJwtValidator
	sasl.oauthbearer.scope = null
	sasl.oauthbearer.scope.claim.name = scope
	sasl.oauthbearer.sub.claim.name = sub
	sasl.oauthbearer.token.endpoint.url = null
	security.protocol = PLAINTEXT
	security.providers = null
	send.buffer.bytes = 131072
	session.timeout.ms = 45000
	share.acknowledgement.mode = implicit
	socket.connection.setup.timeout.max.ms = 30000
	socket.connection.setup.timeout.ms = 10000
	ssl.cipher.suites = null
	ssl.enabled.protocols = [TLSv1.2, TLSv1.3]
	ssl.endpoint.identification.algorithm = https
	ssl.engine.factory.class = null
	ssl.key.password = null
	ssl.keymanager.algorithm = SunX509
	ssl.keystore.certificate.chain = null
	ssl.keystore.key = null
	ssl.keystore.location = null
	ssl.keystore.password = null
	ssl.keystore.type = JKS
	ssl.protocol = TLSv1.3
	ssl.provider = null
	ssl.secure.random.implementation = null
	ssl.trustmanager.algorithm = PKIX
	ssl.truststore.certificates = null
	ssl.truststore.location = null
	ssl.truststore.password = null
	ssl.truststore.type = JKS
	value.deserializer = class org.springframework.kafka.support.serializer.JsonDeserializer

2026-05-07T20:27:00.417+05:30  INFO 2690 --- [restartedMain] o.a.k.c.t.i.KafkaMetricsCollector        : initializing Kafka metrics collector
2026-05-07T20:27:00.453+05:30  INFO 2690 --- [restartedMain] o.a.kafka.common.utils.AppInfoParser     : Kafka version: 4.1.2
2026-05-07T20:27:00.453+05:30  INFO 2690 --- [restartedMain] o.a.kafka.common.utils.AppInfoParser     : Kafka commitId: c82fd9b934b4c1e6
2026-05-07T20:27:00.453+05:30  INFO 2690 --- [restartedMain] o.a.kafka.common.utils.AppInfoParser     : Kafka startTimeMs: 1778165820453
2026-05-07T20:27:00.457+05:30  INFO 2690 --- [restartedMain] o.a.k.c.c.i.ClassicKafkaConsumer         : [Consumer clientId=consumer-smartnotes-group-1, groupId=smartnotes-group] Subscribed to topic(s): note.events
2026-05-07T20:27:00.459+05:30  INFO 2690 --- [restartedMain] o.a.kafka.common.config.AbstractConfig   : ConsumerConfig values: 
	allow.auto.create.topics = true
	auto.commit.interval.ms = 5000
	auto.offset.reset = earliest
	bootstrap.servers = [localhost:9092]
	check.crcs = true
	client.dns.lookup = use_all_dns_ips
	client.id = consumer-smartnotes-group-2
	client.rack = 
	connections.max.idle.ms = 540000
	default.api.timeout.ms = 60000
	enable.auto.commit = false
	enable.metrics.push = true
	exclude.internal.topics = true
	fetch.max.bytes = 52428800
	fetch.max.wait.ms = 500
	fetch.min.bytes = 1
	group.id = smartnotes-group
	group.instance.id = null
	group.protocol = classic
	group.remote.assignor = null
	heartbeat.interval.ms = 3000
	interceptor.classes = []
	internal.leave.group.on.close = true
	internal.throw.on.fetch.stable.offset.unsupported = false
	isolation.level = read_uncommitted
	key.deserializer = class org.apache.kafka.common.serialization.StringDeserializer
	max.partition.fetch.bytes = 1048576
	max.poll.interval.ms = 300000
	max.poll.records = 500
	metadata.max.age.ms = 300000
	metadata.recovery.rebootstrap.trigger.ms = 300000
	metadata.recovery.strategy = rebootstrap
	metric.reporters = [org.apache.kafka.common.metrics.JmxReporter]
	metrics.num.samples = 2
	metrics.recording.level = INFO
	metrics.sample.window.ms = 30000
	partition.assignment.strategy = [class org.apache.kafka.clients.consumer.RangeAssignor, class org.apache.kafka.clients.consumer.CooperativeStickyAssignor]
	receive.buffer.bytes = 65536
	reconnect.backoff.max.ms = 1000
	reconnect.backoff.ms = 50
	request.timeout.ms = 30000
	retry.backoff.max.ms = 1000
	retry.backoff.ms = 100
	sasl.client.callback.handler.class = null
	sasl.jaas.config = null
	sasl.kerberos.kinit.cmd = /usr/bin/kinit
	sasl.kerberos.min.time.before.relogin = 60000
	sasl.kerberos.service.name = null
	sasl.kerberos.ticket.renew.jitter = 0.05
	sasl.kerberos.ticket.renew.window.factor = 0.8
	sasl.login.callback.handler.class = null
	sasl.login.class = null
	sasl.login.connect.timeout.ms = null
	sasl.login.read.timeout.ms = null
	sasl.login.refresh.buffer.seconds = 300
	sasl.login.refresh.min.period.seconds = 60
	sasl.login.refresh.window.factor = 0.8
	sasl.login.refresh.window.jitter = 0.05
	sasl.login.retry.backoff.max.ms = 10000
	sasl.login.retry.backoff.ms = 100
	sasl.mechanism = GSSAPI
	sasl.oauthbearer.assertion.algorithm = RS256
	sasl.oauthbearer.assertion.claim.aud = null
	sasl.oauthbearer.assertion.claim.exp.seconds = 300
	sasl.oauthbearer.assertion.claim.iss = null
	sasl.oauthbearer.assertion.claim.jti.include = false
	sasl.oauthbearer.assertion.claim.nbf.seconds = 60
	sasl.oauthbearer.assertion.claim.sub = null
	sasl.oauthbearer.assertion.file = null
	sasl.oauthbearer.assertion.private.key.file = null
	sasl.oauthbearer.assertion.private.key.passphrase = null
	sasl.oauthbearer.assertion.template.file = null
	sasl.oauthbearer.client.credentials.client.id = null
	sasl.oauthbearer.client.credentials.client.secret = null
	sasl.oauthbearer.clock.skew.seconds = 30
	sasl.oauthbearer.expected.audience = null
	sasl.oauthbearer.expected.issuer = null
	sasl.oauthbearer.header.urlencode = false
	sasl.oauthbearer.jwks.endpoint.refresh.ms = 3600000
	sasl.oauthbearer.jwks.endpoint.retry.backoff.max.ms = 10000
	sasl.oauthbearer.jwks.endpoint.retry.backoff.ms = 100
	sasl.oauthbearer.jwks.endpoint.url = null
	sasl.oauthbearer.jwt.retriever.class = class org.apache.kafka.common.security.oauthbearer.DefaultJwtRetriever
	sasl.oauthbearer.jwt.validator.class = class org.apache.kafka.common.security.oauthbearer.DefaultJwtValidator
	sasl.oauthbearer.scope = null
	sasl.oauthbearer.scope.claim.name = scope
	sasl.oauthbearer.sub.claim.name = sub
	sasl.oauthbearer.token.endpoint.url = null
	security.protocol = PLAINTEXT
	security.providers = null
	send.buffer.bytes = 131072
	session.timeout.ms = 45000
	share.acknowledgement.mode = implicit
	socket.connection.setup.timeout.max.ms = 30000
	socket.connection.setup.timeout.ms = 10000
	ssl.cipher.suites = null
	ssl.enabled.protocols = [TLSv1.2, TLSv1.3]
	ssl.endpoint.identification.algorithm = https
	ssl.engine.factory.class = null
	ssl.key.password = null
	ssl.keymanager.algorithm = SunX509
	ssl.keystore.certificate.chain = null
	ssl.keystore.key = null
	ssl.keystore.location = null
	ssl.keystore.password = null
	ssl.keystore.type = JKS
	ssl.protocol = TLSv1.3
	ssl.provider = null
	ssl.secure.random.implementation = null
	ssl.trustmanager.algorithm = PKIX
	ssl.truststore.certificates = null
	ssl.truststore.location = null
	ssl.truststore.password = null
	ssl.truststore.type = JKS
	value.deserializer = class org.springframework.kafka.support.serializer.JsonDeserializer

2026-05-07T20:27:00.459+05:30  INFO 2690 --- [restartedMain] o.a.k.c.t.i.KafkaMetricsCollector        : initializing Kafka metrics collector
2026-05-07T20:27:00.461+05:30  INFO 2690 --- [restartedMain] o.a.kafka.common.utils.AppInfoParser     : Kafka version: 4.1.2
2026-05-07T20:27:00.461+05:30  INFO 2690 --- [restartedMain] o.a.kafka.common.utils.AppInfoParser     : Kafka commitId: c82fd9b934b4c1e6
2026-05-07T20:27:00.461+05:30  INFO 2690 --- [restartedMain] o.a.kafka.common.utils.AppInfoParser     : Kafka startTimeMs: 1778165820461
2026-05-07T20:27:00.463+05:30  INFO 2690 --- [restartedMain] o.a.k.c.c.i.ClassicKafkaConsumer         : [Consumer clientId=consumer-smartnotes-group-2, groupId=smartnotes-group] Subscribed to topic(s): todo.events
2026-05-07T20:27:00.465+05:30  INFO 2690 --- [org.springframework.kafka.KafkaListenerEndpointContainer#0-0-C-1] org.apache.kafka.clients.Metadata        : [Consumer clientId=consumer-smartnotes-group-1, groupId=smartnotes-group] Cluster ID: ZoAnZbJ5RgONooCyb-SgiQ
2026-05-07T20:27:00.467+05:30  INFO 2690 --- [restartedMain] c.s.s.SmartnotesBackendApplication       : Started SmartnotesBackendApplication in 2.353 seconds (process running for 2.543)
2026-05-07T20:27:00.467+05:30  INFO 2690 --- [org.springframework.kafka.KafkaListenerEndpointContainer#1-0-C-1] org.apache.kafka.clients.Metadata        : [Consumer clientId=consumer-smartnotes-group-2, groupId=smartnotes-group] Cluster ID: ZoAnZbJ5RgONooCyb-SgiQ
2026-05-07T20:27:00.470+05:30  INFO 2690 --- [org.springframework.kafka.KafkaListenerEndpointContainer#0-0-C-1] o.a.k.c.c.internals.ConsumerCoordinator  : [Consumer clientId=consumer-smartnotes-group-1, groupId=smartnotes-group] Discovered group coordinator localhost:9092 (id: 2147483646 rack: null isFenced: false)
2026-05-07T20:27:00.470+05:30  INFO 2690 --- [org.springframework.kafka.KafkaListenerEndpointContainer#1-0-C-1] o.a.k.c.c.internals.ConsumerCoordinator  : [Consumer clientId=consumer-smartnotes-group-2, groupId=smartnotes-group] Discovered group coordinator localhost:9092 (id: 2147483646 rack: null isFenced: false)
2026-05-07T20:27:00.470+05:30  INFO 2690 --- [org.springframework.kafka.KafkaListenerEndpointContainer#0-0-C-1] o.a.k.c.c.internals.ConsumerCoordinator  : [Consumer clientId=consumer-smartnotes-group-1, groupId=smartnotes-group] (Re-)joining group
2026-05-07T20:27:00.470+05:30  INFO 2690 --- [org.springframework.kafka.KafkaListenerEndpointContainer#1-0-C-1] o.a.k.c.c.internals.ConsumerCoordinator  : [Consumer clientId=consumer-smartnotes-group-2, groupId=smartnotes-group] (Re-)joining group
2026-05-07T20:27:00.487+05:30  INFO 2690 --- [org.springframework.kafka.KafkaListenerEndpointContainer#0-0-C-1] o.a.k.c.c.internals.ConsumerCoordinator  : [Consumer clientId=consumer-smartnotes-group-1, groupId=smartnotes-group] Request joining group due to: need to re-join with the given member-id: consumer-smartnotes-group-1-c7603546-84d6-41bf-a554-e3bad438dadb
2026-05-07T20:27:00.487+05:30  INFO 2690 --- [org.springframework.kafka.KafkaListenerEndpointContainer#1-0-C-1] o.a.k.c.c.internals.ConsumerCoordinator  : [Consumer clientId=consumer-smartnotes-group-2, groupId=smartnotes-group] Request joining group due to: need to re-join with the given member-id: consumer-smartnotes-group-2-60536726-5efb-47f7-a7e6-aa0b11196d38
2026-05-07T20:27:00.487+05:30  INFO 2690 --- [org.springframework.kafka.KafkaListenerEndpointContainer#0-0-C-1] o.a.k.c.c.internals.ConsumerCoordinator  : [Consumer clientId=consumer-smartnotes-group-1, groupId=smartnotes-group] (Re-)joining group
2026-05-07T20:27:00.487+05:30  INFO 2690 --- [org.springframework.kafka.KafkaListenerEndpointContainer#1-0-C-1] o.a.k.c.c.internals.ConsumerCoordinator  : [Consumer clientId=consumer-smartnotes-group-2, groupId=smartnotes-group] (Re-)joining group
2026-05-07T20:27:00.504+05:30 DEBUG 2690 --- [scheduling-1] org.hibernate.SQL                        : 
    select
        t1_0.id,
        t1_0.completed,
        t1_0.created_at,
        t1_0.description,
        t1_0.due_date,
        t1_0.note_id,
        t1_0.priority,
        t1_0.title,
        t1_0.user_id,
        u1_0.id,
        u1_0.email,
        u1_0.full_name,
        u1_0.password 
    from
        todos t1_0 
    join
        users u1_0 
            on u1_0.id=t1_0.user_id 
    where
        t1_0.due_date<? 
        and t1_0.completed=false
2026-05-07T20:27:00.518+05:30  INFO 2690 --- [scheduling-1] o.a.kafka.common.config.AbstractConfig   : ProducerConfig values: 
	acks = -1
	batch.size = 16384
	bootstrap.servers = [localhost:9092]
	buffer.memory = 33554432
	client.dns.lookup = use_all_dns_ips
	client.id = producer-1
	compression.gzip.level = -1
	compression.lz4.level = 9
	compression.type = none
	compression.zstd.level = 3
	connections.max.idle.ms = 540000
	delivery.timeout.ms = 120000
	enable.idempotence = true
	enable.metrics.push = true
	interceptor.classes = []
	key.serializer = class org.apache.kafka.common.serialization.StringSerializer
	linger.ms = 5
	max.block.ms = 60000
	max.in.flight.requests.per.connection = 5
	max.request.size = 1048576
	metadata.max.age.ms = 300000
	metadata.max.idle.ms = 300000
	metadata.recovery.rebootstrap.trigger.ms = 300000
	metadata.recovery.strategy = rebootstrap
	metric.reporters = [org.apache.kafka.common.metrics.JmxReporter]
	metrics.num.samples = 2
	metrics.recording.level = INFO
	metrics.sample.window.ms = 30000
	partitioner.adaptive.partitioning.enable = true
	partitioner.availability.timeout.ms = 0
	partitioner.class = null
	partitioner.ignore.keys = false
	receive.buffer.bytes = 32768
	reconnect.backoff.max.ms = 1000
	reconnect.backoff.ms = 50
	request.timeout.ms = 30000
	retries = 2147483647
	retry.backoff.max.ms = 1000
	retry.backoff.ms = 100
	sasl.client.callback.handler.class = null
	sasl.jaas.config = null
	sasl.kerberos.kinit.cmd = /usr/bin/kinit
	sasl.kerberos.min.time.before.relogin = 60000
	sasl.kerberos.service.name = null
	sasl.kerberos.ticket.renew.jitter = 0.05
	sasl.kerberos.ticket.renew.window.factor = 0.8
	sasl.login.callback.handler.class = null
	sasl.login.class = null
	sasl.login.connect.timeout.ms = null
	sasl.login.read.timeout.ms = null
	sasl.login.refresh.buffer.seconds = 300
	sasl.login.refresh.min.period.seconds = 60
	sasl.login.refresh.window.factor = 0.8
	sasl.login.refresh.window.jitter = 0.05
	sasl.login.retry.backoff.max.ms = 10000
	sasl.login.retry.backoff.ms = 100
	sasl.mechanism = GSSAPI
	sasl.oauthbearer.assertion.algorithm = RS256
	sasl.oauthbearer.assertion.claim.aud = null
	sasl.oauthbearer.assertion.claim.exp.seconds = 300
	sasl.oauthbearer.assertion.claim.iss = null
	sasl.oauthbearer.assertion.claim.jti.include = false
	sasl.oauthbearer.assertion.claim.nbf.seconds = 60
	sasl.oauthbearer.assertion.claim.sub = null
	sasl.oauthbearer.assertion.file = null
	sasl.oauthbearer.assertion.private.key.file = null
	sasl.oauthbearer.assertion.private.key.passphrase = null
	sasl.oauthbearer.assertion.template.file = null
	sasl.oauthbearer.client.credentials.client.id = null
	sasl.oauthbearer.client.credentials.client.secret = null
	sasl.oauthbearer.clock.skew.seconds = 30
	sasl.oauthbearer.expected.audience = null
	sasl.oauthbearer.expected.issuer = null
	sasl.oauthbearer.header.urlencode = false
	sasl.oauthbearer.jwks.endpoint.refresh.ms = 3600000
	sasl.oauthbearer.jwks.endpoint.retry.backoff.max.ms = 10000
	sasl.oauthbearer.jwks.endpoint.retry.backoff.ms = 100
	sasl.oauthbearer.jwks.endpoint.url = null
	sasl.oauthbearer.jwt.retriever.class = class org.apache.kafka.common.security.oauthbearer.DefaultJwtRetriever
	sasl.oauthbearer.jwt.validator.class = class org.apache.kafka.common.security.oauthbearer.DefaultJwtValidator
	sasl.oauthbearer.scope = null
	sasl.oauthbearer.scope.claim.name = scope
	sasl.oauthbearer.sub.claim.name = sub
	sasl.oauthbearer.token.endpoint.url = null
	security.protocol = PLAINTEXT
	security.providers = null
	send.buffer.bytes = 131072
	socket.connection.setup.timeout.max.ms = 30000
	socket.connection.setup.timeout.ms = 10000
	ssl.cipher.suites = null
	ssl.enabled.protocols = [TLSv1.2, TLSv1.3]
	ssl.endpoint.identification.algorithm = https
	ssl.engine.factory.class = null
	ssl.key.password = null
	ssl.keymanager.algorithm = SunX509
	ssl.keystore.certificate.chain = null
	ssl.keystore.key = null
	ssl.keystore.location = null
	ssl.keystore.password = null
	ssl.keystore.type = JKS
	ssl.protocol = TLSv1.3
	ssl.provider = null
	ssl.secure.random.implementation = null
	ssl.trustmanager.algorithm = PKIX
	ssl.truststore.certificates = null
	ssl.truststore.location = null
	ssl.truststore.password = null
	ssl.truststore.type = JKS
	transaction.timeout.ms = 60000
	transaction.two.phase.commit.enable = false
	transactional.id = null
	value.serializer = class org.springframework.kafka.support.serializer.JsonSerializer

2026-05-07T20:27:00.519+05:30  INFO 2690 --- [scheduling-1] o.a.k.c.t.i.KafkaMetricsCollector        : initializing Kafka metrics collector
2026-05-07T20:27:00.523+05:30  INFO 2690 --- [scheduling-1] o.a.k.clients.producer.KafkaProducer     : [Producer clientId=producer-1] Instantiated an idempotent producer.
2026-05-07T20:27:00.527+05:30  INFO 2690 --- [scheduling-1] o.a.kafka.common.utils.AppInfoParser     : Kafka version: 4.1.2
2026-05-07T20:27:00.528+05:30  INFO 2690 --- [scheduling-1] o.a.kafka.common.utils.AppInfoParser     : Kafka commitId: c82fd9b934b4c1e6
2026-05-07T20:27:00.528+05:30  INFO 2690 --- [scheduling-1] o.a.kafka.common.utils.AppInfoParser     : Kafka startTimeMs: 1778165820527
2026-05-07T20:27:00.531+05:30  INFO 2690 --- [kafka-producer-network-thread | producer-1] org.apache.kafka.clients.Metadata        : [Producer clientId=producer-1] Cluster ID: ZoAnZbJ5RgONooCyb-SgiQ
2026-05-07T20:27:00.542+05:30  INFO 2690 --- [scheduling-1] c.s.s.kafka.TodoDeadlineScheduler        : Overdue event fired for todo: 'Seperate Logs'
2026-05-07T20:27:00.546+05:30 DEBUG 2690 --- [scheduling-1] org.hibernate.SQL                        : 
    select
        t1_0.id,
        t1_0.completed,
        t1_0.created_at,
        t1_0.description,
        t1_0.due_date,
        t1_0.note_id,
        t1_0.priority,
        t1_0.title,
        t1_0.user_id,
        u1_0.id,
        u1_0.email,
        u1_0.full_name,
        u1_0.password 
    from
        todos t1_0 
    join
        users u1_0 
            on u1_0.id=t1_0.user_id 
    where
        t1_0.due_date between ? and ? 
        and t1_0.completed=false
2026-05-07T20:27:00.638+05:30  INFO 2690 --- [kafka-producer-network-thread | producer-1] o.a.k.c.p.internals.TransactionManager   : [Producer clientId=producer-1] ProducerId set to 4000 with epoch 0
2026-05-07T20:27:02.959+05:30  INFO 2690 --- [http-nio-8080-exec-1] o.a.c.c.C.[Tomcat].[localhost].[/]       : Initializing Spring DispatcherServlet 'dispatcherServlet'
2026-05-07T20:27:02.960+05:30  INFO 2690 --- [http-nio-8080-exec-1] o.s.web.servlet.DispatcherServlet        : Initializing Servlet 'dispatcherServlet'
2026-05-07T20:27:02.961+05:30  INFO 2690 --- [http-nio-8080-exec-1] o.s.web.servlet.DispatcherServlet        : Completed initialization in 1 ms
2026-05-07T20:27:03.503+05:30  INFO 2690 --- [org.springframework.kafka.KafkaListenerEndpointContainer#1-0-C-1] o.a.k.c.c.internals.ConsumerCoordinator  : [Consumer clientId=consumer-smartnotes-group-2, groupId=smartnotes-group] Successfully joined group with generation Generation{generationId=61, memberId='consumer-smartnotes-group-2-60536726-5efb-47f7-a7e6-aa0b11196d38', protocol='range'}
2026-05-07T20:27:03.505+05:30  INFO 2690 --- [org.springframework.kafka.KafkaListenerEndpointContainer#0-0-C-1] o.a.k.c.c.internals.ConsumerCoordinator  : [Consumer clientId=consumer-smartnotes-group-1, groupId=smartnotes-group] Successfully joined group with generation Generation{generationId=61, memberId='consumer-smartnotes-group-1-c7603546-84d6-41bf-a554-e3bad438dadb', protocol='range'}
2026-05-07T20:27:03.514+05:30  INFO 2690 --- [org.springframework.kafka.KafkaListenerEndpointContainer#0-0-C-1] o.a.k.c.c.internals.ConsumerCoordinator  : [Consumer clientId=consumer-smartnotes-group-1, groupId=smartnotes-group] Finished assignment for group at generation 61: {consumer-smartnotes-group-2-60536726-5efb-47f7-a7e6-aa0b11196d38=Assignment(partitions=[todo.events-0]), consumer-smartnotes-group-1-c7603546-84d6-41bf-a554-e3bad438dadb=Assignment(partitions=[note.events-0])}
2026-05-07T20:27:03.525+05:30  INFO 2690 --- [org.springframework.kafka.KafkaListenerEndpointContainer#1-0-C-1] o.a.k.c.c.internals.ConsumerCoordinator  : [Consumer clientId=consumer-smartnotes-group-2, groupId=smartnotes-group] Successfully synced group in generation Generation{generationId=61, memberId='consumer-smartnotes-group-2-60536726-5efb-47f7-a7e6-aa0b11196d38', protocol='range'}
2026-05-07T20:27:03.526+05:30  INFO 2690 --- [org.springframework.kafka.KafkaListenerEndpointContainer#1-0-C-1] o.a.k.c.c.internals.ConsumerCoordinator  : [Consumer clientId=consumer-smartnotes-group-2, groupId=smartnotes-group] Notifying assignor about the new Assignment(partitions=[todo.events-0])
2026-05-07T20:27:03.526+05:30  INFO 2690 --- [org.springframework.kafka.KafkaListenerEndpointContainer#0-0-C-1] o.a.k.c.c.internals.ConsumerCoordinator  : [Consumer clientId=consumer-smartnotes-group-1, groupId=smartnotes-group] Successfully synced group in generation Generation{generationId=61, memberId='consumer-smartnotes-group-1-c7603546-84d6-41bf-a554-e3bad438dadb', protocol='range'}
2026-05-07T20:27:03.526+05:30  INFO 2690 --- [org.springframework.kafka.KafkaListenerEndpointContainer#0-0-C-1] o.a.k.c.c.internals.ConsumerCoordinator  : [Consumer clientId=consumer-smartnotes-group-1, groupId=smartnotes-group] Notifying assignor about the new Assignment(partitions=[note.events-0])
2026-05-07T20:27:03.527+05:30  INFO 2690 --- [org.springframework.kafka.KafkaListenerEndpointContainer#1-0-C-1] k.c.c.i.ConsumerRebalanceListenerInvoker : [Consumer clientId=consumer-smartnotes-group-2, groupId=smartnotes-group] Adding newly assigned partitions: [todo.events-0]
2026-05-07T20:27:03.527+05:30  INFO 2690 --- [org.springframework.kafka.KafkaListenerEndpointContainer#0-0-C-1] k.c.c.i.ConsumerRebalanceListenerInvoker : [Consumer clientId=consumer-smartnotes-group-1, groupId=smartnotes-group] Adding newly assigned partitions: [note.events-0]
2026-05-07T20:27:03.538+05:30  INFO 2690 --- [org.springframework.kafka.KafkaListenerEndpointContainer#1-0-C-1] o.a.k.c.c.internals.ConsumerUtils        : Setting offset for partition todo.events-0 to the committed offset FetchPosition{offset=48, offsetEpoch=Optional.empty, currentLeader=LeaderAndEpoch{leader=Optional[localhost:9092 (id: 1 rack: null isFenced: false)], epoch=0}}
2026-05-07T20:27:03.538+05:30  INFO 2690 --- [org.springframework.kafka.KafkaListenerEndpointContainer#0-0-C-1] o.a.k.c.c.internals.ConsumerUtils        : Setting offset for partition note.events-0 to the committed offset FetchPosition{offset=8, offsetEpoch=Optional.empty, currentLeader=LeaderAndEpoch{leader=Optional[localhost:9092 (id: 1 rack: null isFenced: false)], epoch=0}}
2026-05-07T20:27:03.539+05:30  INFO 2690 --- [org.springframework.kafka.KafkaListenerEndpointContainer#0-0-C-1] o.s.k.l.KafkaMessageListenerContainer    : smartnotes-group: partitions assigned: [note.events-0]
2026-05-07T20:27:03.539+05:30  INFO 2690 --- [org.springframework.kafka.KafkaListenerEndpointContainer#1-0-C-1] o.s.k.l.KafkaMessageListenerContainer    : smartnotes-group: partitions assigned: [todo.events-0]
2026-05-07T20:27:03.573+05:30 ERROR 2690 --- [org.springframework.kafka.KafkaListenerEndpointContainer#1-0-C-1] c.s.s.kafka.TodoEventConsumer            : 🔴 OVERDUE: 'Seperate Logs' for test@test.com
2026-05-07T20:28:00.477+05:30 DEBUG 2690 --- [scheduling-1] org.hibernate.SQL                        : 
    select
        t1_0.id,
        t1_0.completed,
        t1_0.created_at,
        t1_0.description,
        t1_0.due_date,
        t1_0.note_id,
        t1_0.priority,
        t1_0.title,
        t1_0.user_id,
        u1_0.id,
        u1_0.email,
        u1_0.full_name,
        u1_0.password 
    from
        todos t1_0 
    join
        users u1_0 
            on u1_0.id=t1_0.user_id 
    where
        t1_0.due_date<? 
        and t1_0.completed=false
2026-05-07T20:28:00.484+05:30  INFO 2690 --- [scheduling-1] c.s.s.kafka.TodoDeadlineScheduler        : Overdue event fired for todo: 'Seperate Logs'
2026-05-07T20:28:00.485+05:30 DEBUG 2690 --- [scheduling-1] org.hibernate.SQL                        : 
    select
        t1_0.id,
        t1_0.completed,
        t1_0.created_at,
        t1_0.description,
        t1_0.due_date,
        t1_0.note_id,
        t1_0.priority,
        t1_0.title,
        t1_0.user_id,
        u1_0.id,
        u1_0.email,
        u1_0.full_name,
        u1_0.password 
    from
        todos t1_0 
    join
        users u1_0 
            on u1_0.id=t1_0.user_id 
    where
        t1_0.due_date between ? and ? 
        and t1_0.completed=false
2026-05-07T20:28:00.500+05:30 ERROR 2690 --- [org.springframework.kafka.KafkaListenerEndpointContainer#1-0-C-1] c.s.s.kafka.TodoEventConsumer            : 🔴 OVERDUE: 'Seperate Logs' for test@test.com
2026-05-07T20:29:00.474+05:30 DEBUG 2690 --- [scheduling-1] org.hibernate.SQL                        : 
    select
        t1_0.id,
        t1_0.completed,
        t1_0.created_at,
        t1_0.description,
        t1_0.due_date,
        t1_0.note_id,
        t1_0.priority,
        t1_0.title,
        t1_0.user_id,
        u1_0.id,
        u1_0.email,
        u1_0.full_name,
        u1_0.password 
    from
        todos t1_0 
    join
        users u1_0 
            on u1_0.id=t1_0.user_id 
    where
        t1_0.due_date<? 
        and t1_0.completed=false
2026-05-07T20:29:00.479+05:30  INFO 2690 --- [scheduling-1] c.s.s.kafka.TodoDeadlineScheduler        : Overdue event fired for todo: 'Seperate Logs'
2026-05-07T20:29:00.481+05:30 DEBUG 2690 --- [scheduling-1] org.hibernate.SQL                        : 
    select
        t1_0.id,
        t1_0.completed,
        t1_0.created_at,
        t1_0.description,
        t1_0.due_date,
        t1_0.note_id,
        t1_0.priority,
        t1_0.title,
        t1_0.user_id,
        u1_0.id,
        u1_0.email,
        u1_0.full_name,
        u1_0.password 
    from
        todos t1_0 
    join
        users u1_0 
            on u1_0.id=t1_0.user_id 
    where
        t1_0.due_date between ? and ? 
        and t1_0.completed=false
2026-05-07T20:29:00.493+05:30 ERROR 2690 --- [org.springframework.kafka.KafkaListenerEndpointContainer#1-0-C-1] c.s.s.kafka.TodoEventConsumer            : 🔴 OVERDUE: 'Seperate Logs' for test@test.com
2026-05-07T20:30:00.474+05:30 DEBUG 2690 --- [scheduling-1] org.hibernate.SQL                        : 
    select
        t1_0.id,
        t1_0.completed,
        t1_0.created_at,
        t1_0.description,
        t1_0.due_date,
        t1_0.note_id,
        t1_0.priority,
        t1_0.title,
        t1_0.user_id,
        u1_0.id,
        u1_0.email,
        u1_0.full_name,
        u1_0.password 
    from
        todos t1_0 
    join
        users u1_0 
            on u1_0.id=t1_0.user_id 
    where
        t1_0.due_date<? 
        and t1_0.completed=false
2026-05-07T20:30:00.478+05:30  INFO 2690 --- [scheduling-1] c.s.s.kafka.TodoDeadlineScheduler        : Overdue event fired for todo: 'Seperate Logs'
2026-05-07T20:30:00.479+05:30 DEBUG 2690 --- [scheduling-1] org.hibernate.SQL                        : 
    select
        t1_0.id,
        t1_0.completed,
        t1_0.created_at,
        t1_0.description,
        t1_0.due_date,
        t1_0.note_id,
        t1_0.priority,
        t1_0.title,
        t1_0.user_id,
        u1_0.id,
        u1_0.email,
        u1_0.full_name,
        u1_0.password 
    from
        todos t1_0 
    join
        users u1_0 
            on u1_0.id=t1_0.user_id 
    where
        t1_0.due_date between ? and ? 
        and t1_0.completed=false
2026-05-07T20:30:00.489+05:30 ERROR 2690 --- [org.springframework.kafka.KafkaListenerEndpointContainer#1-0-C-1] c.s.s.kafka.TodoEventConsumer            : 🔴 OVERDUE: 'Seperate Logs' for test@test.com
2026-05-07T20:31:00.477+05:30 DEBUG 2690 --- [scheduling-1] org.hibernate.SQL                        : 
    select
        t1_0.id,
        t1_0.completed,
        t1_0.created_at,
        t1_0.description,
        t1_0.due_date,
        t1_0.note_id,
        t1_0.priority,
        t1_0.title,
        t1_0.user_id,
        u1_0.id,
        u1_0.email,
        u1_0.full_name,
        u1_0.password 
    from
        todos t1_0 
    join
        users u1_0 
            on u1_0.id=t1_0.user_id 
    where
        t1_0.due_date<? 
        and t1_0.completed=false
2026-05-07T20:31:00.487+05:30  INFO 2690 --- [scheduling-1] c.s.s.kafka.TodoDeadlineScheduler        : Overdue event fired for todo: 'Seperate Logs'
2026-05-07T20:31:00.489+05:30 DEBUG 2690 --- [scheduling-1] org.hibernate.SQL                        : 
    select
        t1_0.id,
        t1_0.completed,
        t1_0.created_at,
        t1_0.description,
        t1_0.due_date,
        t1_0.note_id,
        t1_0.priority,
        t1_0.title,
        t1_0.user_id,
        u1_0.id,
        u1_0.email,
        u1_0.full_name,
        u1_0.password 
    from
        todos t1_0 
    join
        users u1_0 
            on u1_0.id=t1_0.user_id 
    where
        t1_0.due_date between ? and ? 
        and t1_0.completed=false
2026-05-07T20:31:00.503+05:30 ERROR 2690 --- [org.springframework.kafka.KafkaListenerEndpointContainer#1-0-C-1] c.s.s.kafka.TodoEventConsumer            : 🔴 OVERDUE: 'Seperate Logs' for test@test.com
2026-05-07T20:32:00.474+05:30 DEBUG 2690 --- [scheduling-1] org.hibernate.SQL                        : 
    select
        t1_0.id,
        t1_0.completed,
        t1_0.created_at,
        t1_0.description,
        t1_0.due_date,
        t1_0.note_id,
        t1_0.priority,
        t1_0.title,
        t1_0.user_id,
        u1_0.id,
        u1_0.email,
        u1_0.full_name,
        u1_0.password 
    from
        todos t1_0 
    join
        users u1_0 
            on u1_0.id=t1_0.user_id 
    where
        t1_0.due_date<? 
        and t1_0.completed=false
2026-05-07T20:32:00.480+05:30  INFO 2690 --- [scheduling-1] c.s.s.kafka.TodoDeadlineScheduler        : Overdue event fired for todo: 'Seperate Logs'
2026-05-07T20:32:00.481+05:30 DEBUG 2690 --- [scheduling-1] org.hibernate.SQL                        : 
    select
        t1_0.id,
        t1_0.completed,
        t1_0.created_at,
        t1_0.description,
        t1_0.due_date,
        t1_0.note_id,
        t1_0.priority,
        t1_0.title,
        t1_0.user_id,
        u1_0.id,
        u1_0.email,
        u1_0.full_name,
        u1_0.password 
    from
        todos t1_0 
    join
        users u1_0 
            on u1_0.id=t1_0.user_id 
    where
        t1_0.due_date between ? and ? 
        and t1_0.completed=false
2026-05-07T20:32:00.490+05:30 ERROR 2690 --- [org.springframework.kafka.KafkaListenerEndpointContainer#1-0-C-1] c.s.s.kafka.TodoEventConsumer            : 🔴 OVERDUE: 'Seperate Logs' for test@test.com
2026-05-07T20:33:00.477+05:30 DEBUG 2690 --- [scheduling-1] org.hibernate.SQL                        : 
    select
        t1_0.id,
        t1_0.completed,
        t1_0.created_at,
        t1_0.description,
        t1_0.due_date,
        t1_0.note_id,
        t1_0.priority,
        t1_0.title,
        t1_0.user_id,
        u1_0.id,
        u1_0.email,
        u1_0.full_name,
        u1_0.password 
    from
        todos t1_0 
    join
        users u1_0 
            on u1_0.id=t1_0.user_id 
    where
        t1_0.due_date<? 
        and t1_0.completed=false
2026-05-07T20:33:00.484+05:30  INFO 2690 --- [scheduling-1] c.s.s.kafka.TodoDeadlineScheduler        : Overdue event fired for todo: 'Seperate Logs'
2026-05-07T20:33:00.486+05:30 DEBUG 2690 --- [scheduling-1] org.hibernate.SQL                        : 
    select
        t1_0.id,
        t1_0.completed,
        t1_0.created_at,
        t1_0.description,
        t1_0.due_date,
        t1_0.note_id,
        t1_0.priority,
        t1_0.title,
        t1_0.user_id,
        u1_0.id,
        u1_0.email,
        u1_0.full_name,
        u1_0.password 
    from
        todos t1_0 
    join
        users u1_0 
            on u1_0.id=t1_0.user_id 
    where
        t1_0.due_date between ? and ? 
        and t1_0.completed=false
2026-05-07T20:33:00.498+05:30 ERROR 2690 --- [org.springframework.kafka.KafkaListenerEndpointContainer#1-0-C-1] c.s.s.kafka.TodoEventConsumer            : 🔴 OVERDUE: 'Seperate Logs' for test@test.com
2026-05-07T20:34:00.471+05:30 DEBUG 2690 --- [scheduling-1] org.hibernate.SQL                        : 
    select
        t1_0.id,
        t1_0.completed,
        t1_0.created_at,
        t1_0.description,
        t1_0.due_date,
        t1_0.note_id,
        t1_0.priority,
        t1_0.title,
        t1_0.user_id,
        u1_0.id,
        u1_0.email,
        u1_0.full_name,
        u1_0.password 
    from
        todos t1_0 
    join
        users u1_0 
            on u1_0.id=t1_0.user_id 
    where
        t1_0.due_date<? 
        and t1_0.completed=false
2026-05-07T20:34:00.476+05:30  INFO 2690 --- [scheduling-1] c.s.s.kafka.TodoDeadlineScheduler        : Overdue event fired for todo: 'Seperate Logs'
2026-05-07T20:34:00.477+05:30 DEBUG 2690 --- [scheduling-1] org.hibernate.SQL                        : 
    select
        t1_0.id,
        t1_0.completed,
        t1_0.created_at,
        t1_0.description,
        t1_0.due_date,
        t1_0.note_id,
        t1_0.priority,
        t1_0.title,
        t1_0.user_id,
        u1_0.id,
        u1_0.email,
        u1_0.full_name,
        u1_0.password 
    from
        todos t1_0 
    join
        users u1_0 
            on u1_0.id=t1_0.user_id 
    where
        t1_0.due_date between ? and ? 
        and t1_0.completed=false
2026-05-07T20:34:00.488+05:30 ERROR 2690 --- [org.springframework.kafka.KafkaListenerEndpointContainer#1-0-C-1] c.s.s.kafka.TodoEventConsumer            : 🔴 OVERDUE: 'Seperate Logs' for test@test.com
2026-05-07T20:35:00.474+05:30 DEBUG 2690 --- [scheduling-1] org.hibernate.SQL                        : 
    select
        t1_0.id,
        t1_0.completed,
        t1_0.created_at,
        t1_0.description,
        t1_0.due_date,
        t1_0.note_id,
        t1_0.priority,
        t1_0.title,
        t1_0.user_id,
        u1_0.id,
        u1_0.email,
        u1_0.full_name,
        u1_0.password 
    from
        todos t1_0 
    join
        users u1_0 
            on u1_0.id=t1_0.user_id 
    where
        t1_0.due_date<? 
        and t1_0.completed=false
2026-05-07T20:35:00.479+05:30  INFO 2690 --- [scheduling-1] c.s.s.kafka.TodoDeadlineScheduler        : Overdue event fired for todo: 'Seperate Logs'
2026-05-07T20:35:00.480+05:30 DEBUG 2690 --- [scheduling-1] org.hibernate.SQL                        : 
    select
        t1_0.id,
        t1_0.completed,
        t1_0.created_at,
        t1_0.description,
        t1_0.due_date,
        t1_0.note_id,
        t1_0.priority,
        t1_0.title,
        t1_0.user_id,
        u1_0.id,
        u1_0.email,
        u1_0.full_name,
        u1_0.password 
    from
        todos t1_0 
    join
        users u1_0 
            on u1_0.id=t1_0.user_id 
    where
        t1_0.due_date between ? and ? 
        and t1_0.completed=false
2026-05-07T20:35:00.488+05:30 ERROR 2690 --- [org.springframework.kafka.KafkaListenerEndpointContainer#1-0-C-1] c.s.s.kafka.TodoEventConsumer            : 🔴 OVERDUE: 'Seperate Logs' for test@test.com
2026-05-07T20:36:00.487+05:30 DEBUG 2690 --- [scheduling-1] org.hibernate.SQL                        : 
    select
        t1_0.id,
        t1_0.completed,
        t1_0.created_at,
        t1_0.description,
        t1_0.due_date,
        t1_0.note_id,
        t1_0.priority,
        t1_0.title,
        t1_0.user_id,
        u1_0.id,
        u1_0.email,
        u1_0.full_name,
        u1_0.password 
    from
        todos t1_0 
    join
        users u1_0 
            on u1_0.id=t1_0.user_id 
    where
        t1_0.due_date<? 
        and t1_0.completed=false
2026-05-07T20:36:00.492+05:30  INFO 2690 --- [scheduling-1] c.s.s.kafka.TodoDeadlineScheduler        : Overdue event fired for todo: 'Seperate Logs'
2026-05-07T20:36:00.494+05:30 DEBUG 2690 --- [scheduling-1] org.hibernate.SQL                        : 
    select
        t1_0.id,
        t1_0.completed,
        t1_0.created_at,
        t1_0.description,
        t1_0.due_date,
        t1_0.note_id,
        t1_0.priority,
        t1_0.title,
        t1_0.user_id,
        u1_0.id,
        u1_0.email,
        u1_0.full_name,
        u1_0.password 
    from
        todos t1_0 
    join
        users u1_0 
            on u1_0.id=t1_0.user_id 
    where
        t1_0.due_date between ? and ? 
        and t1_0.completed=false
2026-05-07T20:36:00.516+05:30 ERROR 2690 --- [org.springframework.kafka.KafkaListenerEndpointContainer#1-0-C-1] c.s.s.kafka.TodoEventConsumer            : 🔴 OVERDUE: 'Seperate Logs' for test@test.com
2026-05-07T20:37:00.466+05:30 DEBUG 2690 --- [scheduling-1] org.hibernate.SQL                        : 
    select
        t1_0.id,
        t1_0.completed,
        t1_0.created_at,
        t1_0.description,
        t1_0.due_date,
        t1_0.note_id,
        t1_0.priority,
        t1_0.title,
        t1_0.user_id,
        u1_0.id,
        u1_0.email,
        u1_0.full_name,
        u1_0.password 
    from
        todos t1_0 
    join
        users u1_0 
            on u1_0.id=t1_0.user_id 
    where
        t1_0.due_date<? 
        and t1_0.completed=false
2026-05-07T20:37:00.473+05:30  INFO 2690 --- [scheduling-1] c.s.s.kafka.TodoDeadlineScheduler        : Overdue event fired for todo: 'Seperate Logs'
2026-05-07T20:37:00.475+05:30 DEBUG 2690 --- [scheduling-1] org.hibernate.SQL                        : 
    select
        t1_0.id,
        t1_0.completed,
        t1_0.created_at,
        t1_0.description,
        t1_0.due_date,
        t1_0.note_id,
        t1_0.priority,
        t1_0.title,
        t1_0.user_id,
        u1_0.id,
        u1_0.email,
        u1_0.full_name,
        u1_0.password 
    from
        todos t1_0 
    join
        users u1_0 
            on u1_0.id=t1_0.user_id 
    where
        t1_0.due_date between ? and ? 
        and t1_0.completed=false
2026-05-07T20:37:00.487+05:30 ERROR 2690 --- [org.springframework.kafka.KafkaListenerEndpointContainer#1-0-C-1] c.s.s.kafka.TodoEventConsumer            : 🔴 OVERDUE: 'Seperate Logs' for test@test.com
2026-05-07T20:38:00.466+05:30 DEBUG 2690 --- [scheduling-1] org.hibernate.SQL                        : 
    select
        t1_0.id,
        t1_0.completed,
        t1_0.created_at,
        t1_0.description,
        t1_0.due_date,
        t1_0.note_id,
        t1_0.priority,
        t1_0.title,
        t1_0.user_id,
        u1_0.id,
        u1_0.email,
        u1_0.full_name,
        u1_0.password 
    from
        todos t1_0 
    join
        users u1_0 
            on u1_0.id=t1_0.user_id 
    where
        t1_0.due_date<? 
        and t1_0.completed=false
2026-05-07T20:38:00.470+05:30  INFO 2690 --- [scheduling-1] c.s.s.kafka.TodoDeadlineScheduler        : Overdue event fired for todo: 'Seperate Logs'
2026-05-07T20:38:00.472+05:30 DEBUG 2690 --- [scheduling-1] org.hibernate.SQL                        : 
    select
        t1_0.id,
        t1_0.completed,
        t1_0.created_at,
        t1_0.description,
        t1_0.due_date,
        t1_0.note_id,
        t1_0.priority,
        t1_0.title,
        t1_0.user_id,
        u1_0.id,
        u1_0.email,
        u1_0.full_name,
        u1_0.password 
    from
        todos t1_0 
    join
        users u1_0 
            on u1_0.id=t1_0.user_id 
    where
        t1_0.due_date between ? and ? 
        and t1_0.completed=false
2026-05-07T20:38:00.482+05:30 ERROR 2690 --- [org.springframework.kafka.KafkaListenerEndpointContainer#1-0-C-1] c.s.s.kafka.TodoEventConsumer            : 🔴 OVERDUE: 'Seperate Logs' for test@test.com
2026-05-07T20:39:00.468+05:30 DEBUG 2690 --- [scheduling-1] org.hibernate.SQL                        : 
    select
        t1_0.id,
        t1_0.completed,
        t1_0.created_at,
        t1_0.description,
        t1_0.due_date,
        t1_0.note_id,
        t1_0.priority,
        t1_0.title,
        t1_0.user_id,
        u1_0.id,
        u1_0.email,
        u1_0.full_name,
        u1_0.password 
    from
        todos t1_0 
    join
        users u1_0 
            on u1_0.id=t1_0.user_id 
    where
        t1_0.due_date<? 
        and t1_0.completed=false
2026-05-07T20:39:00.475+05:30  INFO 2690 --- [scheduling-1] c.s.s.kafka.TodoDeadlineScheduler        : Overdue event fired for todo: 'Seperate Logs'
2026-05-07T20:39:00.476+05:30 DEBUG 2690 --- [scheduling-1] org.hibernate.SQL                        : 
    select
        t1_0.id,
        t1_0.completed,
        t1_0.created_at,
        t1_0.description,
        t1_0.due_date,
        t1_0.note_id,
        t1_0.priority,
        t1_0.title,
        t1_0.user_id,
        u1_0.id,
        u1_0.email,
        u1_0.full_name,
        u1_0.password 
    from
        todos t1_0 
    join
        users u1_0 
            on u1_0.id=t1_0.user_id 
    where
        t1_0.due_date between ? and ? 
        and t1_0.completed=false
2026-05-07T20:39:00.487+05:30 ERROR 2690 --- [org.springframework.kafka.KafkaListenerEndpointContainer#1-0-C-1] c.s.s.kafka.TodoEventConsumer            : 🔴 OVERDUE: 'Seperate Logs' for test@test.com
2026-05-07T20:40:00.467+05:30 DEBUG 2690 --- [scheduling-1] org.hibernate.SQL                        : 
    select
        t1_0.id,
        t1_0.completed,
        t1_0.created_at,
        t1_0.description,
        t1_0.due_date,
        t1_0.note_id,
        t1_0.priority,
        t1_0.title,
        t1_0.user_id,
        u1_0.id,
        u1_0.email,
        u1_0.full_name,
        u1_0.password 
    from
        todos t1_0 
    join
        users u1_0 
            on u1_0.id=t1_0.user_id 
    where
        t1_0.due_date<? 
        and t1_0.completed=false
2026-05-07T20:40:00.471+05:30  INFO 2690 --- [scheduling-1] c.s.s.kafka.TodoDeadlineScheduler        : Overdue event fired for todo: 'Seperate Logs'
2026-05-07T20:40:00.472+05:30 DEBUG 2690 --- [scheduling-1] org.hibernate.SQL                        : 
    select
        t1_0.id,
        t1_0.completed,
        t1_0.created_at,
        t1_0.description,
        t1_0.due_date,
        t1_0.note_id,
        t1_0.priority,
        t1_0.title,
        t1_0.user_id,
        u1_0.id,
        u1_0.email,
        u1_0.full_name,
        u1_0.password 
    from
        todos t1_0 
    join
        users u1_0 
            on u1_0.id=t1_0.user_id 
    where
        t1_0.due_date between ? and ? 
        and t1_0.completed=false
2026-05-07T20:40:00.482+05:30 ERROR 2690 --- [org.springframework.kafka.KafkaListenerEndpointContainer#1-0-C-1] c.s.s.kafka.TodoEventConsumer            : 🔴 OVERDUE: 'Seperate Logs' for test@test.com
2026-05-07T20:41:00.469+05:30 DEBUG 2690 --- [scheduling-1] org.hibernate.SQL                        : 
    select
        t1_0.id,
        t1_0.completed,
        t1_0.created_at,
        t1_0.description,
        t1_0.due_date,
        t1_0.note_id,
        t1_0.priority,
        t1_0.title,
        t1_0.user_id,
        u1_0.id,
        u1_0.email,
        u1_0.full_name,
        u1_0.password 
    from
        todos t1_0 
    join
        users u1_0 
            on u1_0.id=t1_0.user_id 
    where
        t1_0.due_date<? 
        and t1_0.completed=false
2026-05-07T20:41:00.475+05:30  INFO 2690 --- [scheduling-1] c.s.s.kafka.TodoDeadlineScheduler        : Overdue event fired for todo: 'Seperate Logs'
2026-05-07T20:41:00.476+05:30 DEBUG 2690 --- [scheduling-1] org.hibernate.SQL                        : 
    select
        t1_0.id,
        t1_0.completed,
        t1_0.created_at,
        t1_0.description,
        t1_0.due_date,
        t1_0.note_id,
        t1_0.priority,
        t1_0.title,
        t1_0.user_id,
        u1_0.id,
        u1_0.email,
        u1_0.full_name,
        u1_0.password 
    from
        todos t1_0 
    join
        users u1_0 
            on u1_0.id=t1_0.user_id 
    where
        t1_0.due_date between ? and ? 
        and t1_0.completed=false
2026-05-07T20:41:00.490+05:30 ERROR 2690 --- [org.springframework.kafka.KafkaListenerEndpointContainer#1-0-C-1] c.s.s.kafka.TodoEventConsumer            : 🔴 OVERDUE: 'Seperate Logs' for test@test.com
2026-05-07T20:42:00.465+05:30 DEBUG 2690 --- [scheduling-1] org.hibernate.SQL                        : 
    select
        t1_0.id,
        t1_0.completed,
        t1_0.created_at,
        t1_0.description,
        t1_0.due_date,
        t1_0.note_id,
        t1_0.priority,
        t1_0.title,
        t1_0.user_id,
        u1_0.id,
        u1_0.email,
        u1_0.full_name,
        u1_0.password 
    from
        todos t1_0 
    join
        users u1_0 
            on u1_0.id=t1_0.user_id 
    where
        t1_0.due_date<? 
        and t1_0.completed=false
2026-05-07T20:42:00.470+05:30  INFO 2690 --- [scheduling-1] c.s.s.kafka.TodoDeadlineScheduler        : Overdue event fired for todo: 'Seperate Logs'
2026-05-07T20:42:00.471+05:30 DEBUG 2690 --- [scheduling-1] org.hibernate.SQL                        : 
    select
        t1_0.id,
        t1_0.completed,
        t1_0.created_at,
        t1_0.description,
        t1_0.due_date,
        t1_0.note_id,
        t1_0.priority,
        t1_0.title,
        t1_0.user_id,
        u1_0.id,
        u1_0.email,
        u1_0.full_name,
        u1_0.password 
    from
        todos t1_0 
    join
        users u1_0 
            on u1_0.id=t1_0.user_id 
    where
        t1_0.due_date between ? and ? 
        and t1_0.completed=false
2026-05-07T20:42:00.481+05:30 ERROR 2690 --- [org.springframework.kafka.KafkaListenerEndpointContainer#1-0-C-1] c.s.s.kafka.TodoEventConsumer            : 🔴 OVERDUE: 'Seperate Logs' for test@test.com
2026-05-07T20:43:00.468+05:30 DEBUG 2690 --- [scheduling-1] org.hibernate.SQL                        : 
    select
        t1_0.id,
        t1_0.completed,
        t1_0.created_at,
        t1_0.description,
        t1_0.due_date,
        t1_0.note_id,
        t1_0.priority,
        t1_0.title,
        t1_0.user_id,
        u1_0.id,
        u1_0.email,
        u1_0.full_name,
        u1_0.password 
    from
        todos t1_0 
    join
        users u1_0 
            on u1_0.id=t1_0.user_id 
    where
        t1_0.due_date<? 
        and t1_0.completed=false
2026-05-07T20:43:00.474+05:30  INFO 2690 --- [scheduling-1] c.s.s.kafka.TodoDeadlineScheduler        : Overdue event fired for todo: 'Seperate Logs'
2026-05-07T20:43:00.476+05:30 DEBUG 2690 --- [scheduling-1] org.hibernate.SQL                        : 
    select
        t1_0.id,
        t1_0.completed,
        t1_0.created_at,
        t1_0.description,
        t1_0.due_date,
        t1_0.note_id,
        t1_0.priority,
        t1_0.title,
        t1_0.user_id,
        u1_0.id,
        u1_0.email,
        u1_0.full_name,
        u1_0.password 
    from
        todos t1_0 
    join
        users u1_0 
            on u1_0.id=t1_0.user_id 
    where
        t1_0.due_date between ? and ? 
        and t1_0.completed=false
2026-05-07T20:43:00.484+05:30 ERROR 2690 --- [org.springframework.kafka.KafkaListenerEndpointContainer#1-0-C-1] c.s.s.kafka.TodoEventConsumer            : 🔴 OVERDUE: 'Seperate Logs' for test@test.com
2026-05-07T20:44:00.471+05:30 DEBUG 2690 --- [scheduling-1] org.hibernate.SQL                        : 
    select
        t1_0.id,
        t1_0.completed,
        t1_0.created_at,
        t1_0.description,
        t1_0.due_date,
        t1_0.note_id,
        t1_0.priority,
        t1_0.title,
        t1_0.user_id,
        u1_0.id,
        u1_0.email,
        u1_0.full_name,
        u1_0.password 
    from
        todos t1_0 
    join
        users u1_0 
            on u1_0.id=t1_0.user_id 
    where
        t1_0.due_date<? 
        and t1_0.completed=false
2026-05-07T20:44:00.476+05:30  INFO 2690 --- [scheduling-1] c.s.s.kafka.TodoDeadlineScheduler        : Overdue event fired for todo: 'Seperate Logs'
2026-05-07T20:44:00.477+05:30 DEBUG 2690 --- [scheduling-1] org.hibernate.SQL                        : 
    select
        t1_0.id,
        t1_0.completed,
        t1_0.created_at,
        t1_0.description,
        t1_0.due_date,
        t1_0.note_id,
        t1_0.priority,
        t1_0.title,
        t1_0.user_id,
        u1_0.id,
        u1_0.email,
        u1_0.full_name,
        u1_0.password 
    from
        todos t1_0 
    join
        users u1_0 
            on u1_0.id=t1_0.user_id 
    where
        t1_0.due_date between ? and ? 
        and t1_0.completed=false
2026-05-07T20:44:00.489+05:30 ERROR 2690 --- [org.springframework.kafka.KafkaListenerEndpointContainer#1-0-C-1] c.s.s.kafka.TodoEventConsumer            : 🔴 OVERDUE: 'Seperate Logs' for test@test.com
2026-05-07T20:45:00.469+05:30 DEBUG 2690 --- [scheduling-1] org.hibernate.SQL                        : 
    select
        t1_0.id,
        t1_0.completed,
        t1_0.created_at,
        t1_0.description,
        t1_0.due_date,
        t1_0.note_id,
        t1_0.priority,
        t1_0.title,
        t1_0.user_id,
        u1_0.id,
        u1_0.email,
        u1_0.full_name,
        u1_0.password 
    from
        todos t1_0 
    join
        users u1_0 
            on u1_0.id=t1_0.user_id 
    where
        t1_0.due_date<? 
        and t1_0.completed=false
2026-05-07T20:45:00.478+05:30  INFO 2690 --- [scheduling-1] c.s.s.kafka.TodoDeadlineScheduler        : Overdue event fired for todo: 'Seperate Logs'
2026-05-07T20:45:00.479+05:30 DEBUG 2690 --- [scheduling-1] org.hibernate.SQL                        : 
    select
        t1_0.id,
        t1_0.completed,
        t1_0.created_at,
        t1_0.description,
        t1_0.due_date,
        t1_0.note_id,
        t1_0.priority,
        t1_0.title,
        t1_0.user_id,
        u1_0.id,
        u1_0.email,
        u1_0.full_name,
        u1_0.password 
    from
        todos t1_0 
    join
        users u1_0 
            on u1_0.id=t1_0.user_id 
    where
        t1_0.due_date between ? and ? 
        and t1_0.completed=false
2026-05-07T20:45:00.493+05:30 ERROR 2690 --- [org.springframework.kafka.KafkaListenerEndpointContainer#1-0-C-1] c.s.s.kafka.TodoEventConsumer            : 🔴 OVERDUE: 'Seperate Logs' for test@test.com
2026-05-07T20:46:00.465+05:30 DEBUG 2690 --- [scheduling-1] org.hibernate.SQL                        : 
    select
        t1_0.id,
        t1_0.completed,
        t1_0.created_at,
        t1_0.description,
        t1_0.due_date,
        t1_0.note_id,
        t1_0.priority,
        t1_0.title,
        t1_0.user_id,
        u1_0.id,
        u1_0.email,
        u1_0.full_name,
        u1_0.password 
    from
        todos t1_0 
    join
        users u1_0 
            on u1_0.id=t1_0.user_id 
    where
        t1_0.due_date<? 
        and t1_0.completed=false
2026-05-07T20:46:00.470+05:30  INFO 2690 --- [scheduling-1] c.s.s.kafka.TodoDeadlineScheduler        : Overdue event fired for todo: 'Seperate Logs'
2026-05-07T20:46:00.471+05:30 DEBUG 2690 --- [scheduling-1] org.hibernate.SQL                        : 
    select
        t1_0.id,
        t1_0.completed,
        t1_0.created_at,
        t1_0.description,
        t1_0.due_date,
        t1_0.note_id,
        t1_0.priority,
        t1_0.title,
        t1_0.user_id,
        u1_0.id,
        u1_0.email,
        u1_0.full_name,
        u1_0.password 
    from
        todos t1_0 
    join
        users u1_0 
            on u1_0.id=t1_0.user_id 
    where
        t1_0.due_date between ? and ? 
        and t1_0.completed=false
2026-05-07T20:46:00.481+05:30 ERROR 2690 --- [org.springframework.kafka.KafkaListenerEndpointContainer#1-0-C-1] c.s.s.kafka.TodoEventConsumer            : 🔴 OVERDUE: 'Seperate Logs' for test@test.com
2026-05-07T20:47:00.477+05:30 DEBUG 2690 --- [scheduling-1] org.hibernate.SQL                        : 
    select
        t1_0.id,
        t1_0.completed,
        t1_0.created_at,
        t1_0.description,
        t1_0.due_date,
        t1_0.note_id,
        t1_0.priority,
        t1_0.title,
        t1_0.user_id,
        u1_0.id,
        u1_0.email,
        u1_0.full_name,
        u1_0.password 
    from
        todos t1_0 
    join
        users u1_0 
            on u1_0.id=t1_0.user_id 
    where
        t1_0.due_date<? 
        and t1_0.completed=false
2026-05-07T20:47:00.488+05:30  INFO 2690 --- [scheduling-1] c.s.s.kafka.TodoDeadlineScheduler        : Overdue event fired for todo: 'Seperate Logs'
2026-05-07T20:47:00.489+05:30 DEBUG 2690 --- [scheduling-1] org.hibernate.SQL                        : 
    select
        t1_0.id,
        t1_0.completed,
        t1_0.created_at,
        t1_0.description,
        t1_0.due_date,
        t1_0.note_id,
        t1_0.priority,
        t1_0.title,
        t1_0.user_id,
        u1_0.id,
        u1_0.email,
        u1_0.full_name,
        u1_0.password 
    from
        todos t1_0 
    join
        users u1_0 
            on u1_0.id=t1_0.user_id 
    where
        t1_0.due_date between ? and ? 
        and t1_0.completed=false
2026-05-07T20:47:00.502+05:30 ERROR 2690 --- [org.springframework.kafka.KafkaListenerEndpointContainer#1-0-C-1] c.s.s.kafka.TodoEventConsumer            : 🔴 OVERDUE: 'Seperate Logs' for test@test.com
2026-05-07T20:48:00.466+05:30 DEBUG 2690 --- [scheduling-1] org.hibernate.SQL                        : 
    select
        t1_0.id,
        t1_0.completed,
        t1_0.created_at,
        t1_0.description,
        t1_0.due_date,
        t1_0.note_id,
        t1_0.priority,
        t1_0.title,
        t1_0.user_id,
        u1_0.id,
        u1_0.email,
        u1_0.full_name,
        u1_0.password 
    from
        todos t1_0 
    join
        users u1_0 
            on u1_0.id=t1_0.user_id 
    where
        t1_0.due_date<? 
        and t1_0.completed=false
2026-05-07T20:48:00.471+05:30  INFO 2690 --- [scheduling-1] c.s.s.kafka.TodoDeadlineScheduler        : Overdue event fired for todo: 'Seperate Logs'
2026-05-07T20:48:00.472+05:30 DEBUG 2690 --- [scheduling-1] org.hibernate.SQL                        : 
    select
        t1_0.id,
        t1_0.completed,
        t1_0.created_at,
        t1_0.description,
        t1_0.due_date,
        t1_0.note_id,
        t1_0.priority,
        t1_0.title,
        t1_0.user_id,
        u1_0.id,
        u1_0.email,
        u1_0.full_name,
        u1_0.password 
    from
        todos t1_0 
    join
        users u1_0 
            on u1_0.id=t1_0.user_id 
    where
        t1_0.due_date between ? and ? 
        and t1_0.completed=false
2026-05-07T20:48:00.480+05:30 ERROR 2690 --- [org.springframework.kafka.KafkaListenerEndpointContainer#1-0-C-1] c.s.s.kafka.TodoEventConsumer            : 🔴 OVERDUE: 'Seperate Logs' for test@test.com
2026-05-07T20:49:00.478+05:30 DEBUG 2690 --- [scheduling-1] org.hibernate.SQL                        : 
    select
        t1_0.id,
        t1_0.completed,
        t1_0.created_at,
        t1_0.description,
        t1_0.due_date,
        t1_0.note_id,
        t1_0.priority,
        t1_0.title,
        t1_0.user_id,
        u1_0.id,
        u1_0.email,
        u1_0.full_name,
        u1_0.password 
    from
        todos t1_0 
    join
        users u1_0 
            on u1_0.id=t1_0.user_id 
    where
        t1_0.due_date<? 
        and t1_0.completed=false
2026-05-07T20:49:00.489+05:30  INFO 2690 --- [scheduling-1] c.s.s.kafka.TodoDeadlineScheduler        : Overdue event fired for todo: 'Seperate Logs'
2026-05-07T20:49:00.491+05:30 DEBUG 2690 --- [scheduling-1] org.hibernate.SQL                        : 
    select
        t1_0.id,
        t1_0.completed,
        t1_0.created_at,
        t1_0.description,
        t1_0.due_date,
        t1_0.note_id,
        t1_0.priority,
        t1_0.title,
        t1_0.user_id,
        u1_0.id,
        u1_0.email,
        u1_0.full_name,
        u1_0.password 
    from
        todos t1_0 
    join
        users u1_0 
            on u1_0.id=t1_0.user_id 
    where
        t1_0.due_date between ? and ? 
        and t1_0.completed=false
2026-05-07T20:49:00.504+05:30 ERROR 2690 --- [org.springframework.kafka.KafkaListenerEndpointContainer#1-0-C-1] c.s.s.kafka.TodoEventConsumer            : 🔴 OVERDUE: 'Seperate Logs' for test@test.com
2026-05-07T20:50:00.470+05:30 DEBUG 2690 --- [scheduling-1] org.hibernate.SQL                        : 
    select
        t1_0.id,
        t1_0.completed,
        t1_0.created_at,
        t1_0.description,
        t1_0.due_date,
        t1_0.note_id,
        t1_0.priority,
        t1_0.title,
        t1_0.user_id,
        u1_0.id,
        u1_0.email,
        u1_0.full_name,
        u1_0.password 
    from
        todos t1_0 
    join
        users u1_0 
            on u1_0.id=t1_0.user_id 
    where
        t1_0.due_date<? 
        and t1_0.completed=false
2026-05-07T20:50:00.473+05:30  INFO 2690 --- [scheduling-1] c.s.s.kafka.TodoDeadlineScheduler        : Overdue event fired for todo: 'Seperate Logs'
2026-05-07T20:50:00.475+05:30 DEBUG 2690 --- [scheduling-1] org.hibernate.SQL                        : 
    select
        t1_0.id,
        t1_0.completed,
        t1_0.created_at,
        t1_0.description,
        t1_0.due_date,
        t1_0.note_id,
        t1_0.priority,
        t1_0.title,
        t1_0.user_id,
        u1_0.id,
        u1_0.email,
        u1_0.full_name,
        u1_0.password 
    from
        todos t1_0 
    join
        users u1_0 
            on u1_0.id=t1_0.user_id 
    where
        t1_0.due_date between ? and ? 
        and t1_0.completed=false
2026-05-07T20:50:00.484+05:30 ERROR 2690 --- [org.springframework.kafka.KafkaListenerEndpointContainer#1-0-C-1] c.s.s.kafka.TodoEventConsumer            : 🔴 OVERDUE: 'Seperate Logs' for test@test.com
2026-05-07T20:51:00.469+05:30 DEBUG 2690 --- [scheduling-1] org.hibernate.SQL                        : 
    select
        t1_0.id,
        t1_0.completed,
        t1_0.created_at,
        t1_0.description,
        t1_0.due_date,
        t1_0.note_id,
        t1_0.priority,
        t1_0.title,
        t1_0.user_id,
        u1_0.id,
        u1_0.email,
        u1_0.full_name,
        u1_0.password 
    from
        todos t1_0 
    join
        users u1_0 
            on u1_0.id=t1_0.user_id 
    where
        t1_0.due_date<? 
        and t1_0.completed=false
2026-05-07T20:51:00.477+05:30  INFO 2690 --- [scheduling-1] c.s.s.kafka.TodoDeadlineScheduler        : Overdue event fired for todo: 'Seperate Logs'
2026-05-07T20:51:00.478+05:30 DEBUG 2690 --- [scheduling-1] org.hibernate.SQL                        : 
    select
        t1_0.id,
        t1_0.completed,
        t1_0.created_at,
        t1_0.description,
        t1_0.due_date,
        t1_0.note_id,
        t1_0.priority,
        t1_0.title,
        t1_0.user_id,
        u1_0.id,
        u1_0.email,
        u1_0.full_name,
        u1_0.password 
    from
        todos t1_0 
    join
        users u1_0 
            on u1_0.id=t1_0.user_id 
    where
        t1_0.due_date between ? and ? 
        and t1_0.completed=false
2026-05-07T20:51:00.488+05:30 ERROR 2690 --- [org.springframework.kafka.KafkaListenerEndpointContainer#1-0-C-1] c.s.s.kafka.TodoEventConsumer            : 🔴 OVERDUE: 'Seperate Logs' for test@test.com
2026-05-07T20:52:00.472+05:30 DEBUG 2690 --- [scheduling-1] org.hibernate.SQL                        : 
    select
        t1_0.id,
        t1_0.completed,
        t1_0.created_at,
        t1_0.description,
        t1_0.due_date,
        t1_0.note_id,
        t1_0.priority,
        t1_0.title,
        t1_0.user_id,
        u1_0.id,
        u1_0.email,
        u1_0.full_name,
        u1_0.password 
    from
        todos t1_0 
    join
        users u1_0 
            on u1_0.id=t1_0.user_id 
    where
        t1_0.due_date<? 
        and t1_0.completed=false
2026-05-07T20:52:00.478+05:30  INFO 2690 --- [scheduling-1] c.s.s.kafka.TodoDeadlineScheduler        : Overdue event fired for todo: 'Seperate Logs'
2026-05-07T20:52:00.479+05:30 DEBUG 2690 --- [scheduling-1] org.hibernate.SQL                        : 
    select
        t1_0.id,
        t1_0.completed,
        t1_0.created_at,
        t1_0.description,
        t1_0.due_date,
        t1_0.note_id,
        t1_0.priority,
        t1_0.title,
        t1_0.user_id,
        u1_0.id,
        u1_0.email,
        u1_0.full_name,
        u1_0.password 
    from
        todos t1_0 
    join
        users u1_0 
            on u1_0.id=t1_0.user_id 
    where
        t1_0.due_date between ? and ? 
        and t1_0.completed=false
2026-05-07T20:52:00.490+05:30 ERROR 2690 --- [org.springframework.kafka.KafkaListenerEndpointContainer#1-0-C-1] c.s.s.kafka.TodoEventConsumer            : 🔴 OVERDUE: 'Seperate Logs' for test@test.com
2026-05-07T20:53:00.446+05:30 DEBUG 2690 --- [scheduling-1] org.hibernate.SQL                        : 
    select
        t1_0.id,
        t1_0.completed,
        t1_0.created_at,
        t1_0.description,
        t1_0.due_date,
        t1_0.note_id,
        t1_0.priority,
        t1_0.title,
        t1_0.user_id,
        u1_0.id,
        u1_0.email,
        u1_0.full_name,
        u1_0.password 
    from
        todos t1_0 
    join
        users u1_0 
            on u1_0.id=t1_0.user_id 
    where
        t1_0.due_date<? 
        and t1_0.completed=false
2026-05-07T20:53:00.453+05:30  INFO 2690 --- [scheduling-1] c.s.s.kafka.TodoDeadlineScheduler        : Overdue event fired for todo: 'Seperate Logs'
2026-05-07T20:53:00.454+05:30 DEBUG 2690 --- [scheduling-1] org.hibernate.SQL                        : 
    select
        t1_0.id,
        t1_0.completed,
        t1_0.created_at,
        t1_0.description,
        t1_0.due_date,
        t1_0.note_id,
        t1_0.priority,
        t1_0.title,
        t1_0.user_id,
        u1_0.id,
        u1_0.email,
        u1_0.full_name,
        u1_0.password 
    from
        todos t1_0 
    join
        users u1_0 
            on u1_0.id=t1_0.user_id 
    where
        t1_0.due_date between ? and ? 
        and t1_0.completed=false
2026-05-07T20:53:00.464+05:30 ERROR 2690 --- [org.springframework.kafka.KafkaListenerEndpointContainer#1-0-C-1] c.s.s.kafka.TodoEventConsumer            : 🔴 OVERDUE: 'Seperate Logs' for test@test.com
2026-05-07T20:54:00.443+05:30 DEBUG 2690 --- [scheduling-1] org.hibernate.SQL                        : 
    select
        t1_0.id,
        t1_0.completed,
        t1_0.created_at,
        t1_0.description,
        t1_0.due_date,
        t1_0.note_id,
        t1_0.priority,
        t1_0.title,
        t1_0.user_id,
        u1_0.id,
        u1_0.email,
        u1_0.full_name,
        u1_0.password 
    from
        todos t1_0 
    join
        users u1_0 
            on u1_0.id=t1_0.user_id 
    where
        t1_0.due_date<? 
        and t1_0.completed=false
2026-05-07T20:54:00.450+05:30  INFO 2690 --- [scheduling-1] c.s.s.kafka.TodoDeadlineScheduler        : Overdue event fired for todo: 'Seperate Logs'
2026-05-07T20:54:00.451+05:30 DEBUG 2690 --- [scheduling-1] org.hibernate.SQL                        : 
    select
        t1_0.id,
        t1_0.completed,
        t1_0.created_at,
        t1_0.description,
        t1_0.due_date,
        t1_0.note_id,
        t1_0.priority,
        t1_0.title,
        t1_0.user_id,
        u1_0.id,
        u1_0.email,
        u1_0.full_name,
        u1_0.password 
    from
        todos t1_0 
    join
        users u1_0 
            on u1_0.id=t1_0.user_id 
    where
        t1_0.due_date between ? and ? 
        and t1_0.completed=false
2026-05-07T20:54:00.460+05:30 ERROR 2690 --- [org.springframework.kafka.KafkaListenerEndpointContainer#1-0-C-1] c.s.s.kafka.TodoEventConsumer            : 🔴 OVERDUE: 'Seperate Logs' for test@test.com
2026-05-07T20:55:00.442+05:30 DEBUG 2690 --- [scheduling-1] org.hibernate.SQL                        : 
    select
        t1_0.id,
        t1_0.completed,
        t1_0.created_at,
        t1_0.description,
        t1_0.due_date,
        t1_0.note_id,
        t1_0.priority,
        t1_0.title,
        t1_0.user_id,
        u1_0.id,
        u1_0.email,
        u1_0.full_name,
        u1_0.password 
    from
        todos t1_0 
    join
        users u1_0 
            on u1_0.id=t1_0.user_id 
    where
        t1_0.due_date<? 
        and t1_0.completed=false
2026-05-07T20:55:00.446+05:30  INFO 2690 --- [scheduling-1] c.s.s.kafka.TodoDeadlineScheduler        : Overdue event fired for todo: 'Seperate Logs'
2026-05-07T20:55:00.447+05:30 DEBUG 2690 --- [scheduling-1] org.hibernate.SQL                        : 
    select
        t1_0.id,
        t1_0.completed,
        t1_0.created_at,
        t1_0.description,
        t1_0.due_date,
        t1_0.note_id,
        t1_0.priority,
        t1_0.title,
        t1_0.user_id,
        u1_0.id,
        u1_0.email,
        u1_0.full_name,
        u1_0.password 
    from
        todos t1_0 
    join
        users u1_0 
            on u1_0.id=t1_0.user_id 
    where
        t1_0.due_date between ? and ? 
        and t1_0.completed=false
2026-05-07T20:55:00.457+05:30 ERROR 2690 --- [org.springframework.kafka.KafkaListenerEndpointContainer#1-0-C-1] c.s.s.kafka.TodoEventConsumer            : 🔴 OVERDUE: 'Seperate Logs' for test@test.com
2026-05-07T21:00:14.379+05:30  INFO 2690 --- [kafka-coordinator-heartbeat-thread | smartnotes-group] o.a.k.c.c.internals.ConsumerCoordinator  : [Consumer clientId=consumer-smartnotes-group-1, groupId=smartnotes-group] Group coordinator localhost:9092 (id: 2147483646 rack: null isFenced: false) is unavailable or invalid due to cause: session timed out without receiving a heartbeat response. isDisconnected: false. Rediscovery will be attempted.
2026-05-07T21:00:14.480+05:30  INFO 2690 --- [kafka-coordinator-heartbeat-thread | smartnotes-group] o.a.k.c.c.internals.ConsumerCoordinator  : [Consumer clientId=consumer-smartnotes-group-1, groupId=smartnotes-group] Requesting disconnect from last known coordinator localhost:9092 (id: 2147483646 rack: null isFenced: false)
2026-05-07T21:00:14.490+05:30  INFO 2690 --- [kafka-coordinator-heartbeat-thread | smartnotes-group] org.apache.kafka.clients.NetworkClient   : [Consumer clientId=consumer-smartnotes-group-1, groupId=smartnotes-group] Client requested disconnect from node 2147483646
2026-05-07T21:00:14.499+05:30  INFO 2690 --- [org.springframework.kafka.KafkaListenerEndpointContainer#0-0-C-1] o.a.k.c.c.internals.ConsumerCoordinator  : [Consumer clientId=consumer-smartnotes-group-1, groupId=smartnotes-group] Discovered group coordinator localhost:9092 (id: 2147483646 rack: null isFenced: false)
2026-05-07T21:00:14.500+05:30  INFO 2690 --- [org.springframework.kafka.KafkaListenerEndpointContainer#0-0-C-1] o.a.k.c.c.internals.ConsumerCoordinator  : [Consumer clientId=consumer-smartnotes-group-1, groupId=smartnotes-group] Group coordinator localhost:9092 (id: 2147483646 rack: null isFenced: false) is unavailable or invalid due to cause: coordinator unavailable. isDisconnected: false. Rediscovery will be attempted.
2026-05-07T21:00:14.500+05:30  INFO 2690 --- [org.springframework.kafka.KafkaListenerEndpointContainer#0-0-C-1] o.a.k.c.c.internals.ConsumerCoordinator  : [Consumer clientId=consumer-smartnotes-group-1, groupId=smartnotes-group] Requesting disconnect from last known coordinator localhost:9092 (id: 2147483646 rack: null isFenced: false)
2026-05-07T21:00:14.602+05:30  INFO 2690 --- [org.springframework.kafka.KafkaListenerEndpointContainer#0-0-C-1] o.a.k.c.c.internals.ConsumerCoordinator  : [Consumer clientId=consumer-smartnotes-group-1, groupId=smartnotes-group] Discovered group coordinator localhost:9092 (id: 2147483646 rack: null isFenced: false)
2026-05-07T21:00:14.608+05:30  INFO 2690 --- [kafka-coordinator-heartbeat-thread | smartnotes-group] o.a.k.c.c.internals.ConsumerCoordinator  : [Consumer clientId=consumer-smartnotes-group-2, groupId=smartnotes-group] Group coordinator localhost:9092 (id: 2147483646 rack: null isFenced: false) is unavailable or invalid due to cause: session timed out without receiving a heartbeat response. isDisconnected: false. Rediscovery will be attempted.
2026-05-07T21:00:14.609+05:30  INFO 2690 --- [kafka-coordinator-heartbeat-thread | smartnotes-group] o.a.k.c.c.internals.ConsumerCoordinator  : [Consumer clientId=consumer-smartnotes-group-2, groupId=smartnotes-group] Requesting disconnect from last known coordinator localhost:9092 (id: 2147483646 rack: null isFenced: false)
2026-05-07T21:00:14.609+05:30  INFO 2690 --- [kafka-coordinator-heartbeat-thread | smartnotes-group] org.apache.kafka.clients.NetworkClient   : [Consumer clientId=consumer-smartnotes-group-2, groupId=smartnotes-group] Client requested disconnect from node 2147483646
2026-05-07T21:00:14.612+05:30  INFO 2690 --- [org.springframework.kafka.KafkaListenerEndpointContainer#1-0-C-1] o.a.k.c.c.internals.ConsumerCoordinator  : [Consumer clientId=consumer-smartnotes-group-2, groupId=smartnotes-group] Discovered group coordinator localhost:9092 (id: 2147483646 rack: null isFenced: false)
2026-05-07T21:00:14.612+05:30  INFO 2690 --- [org.springframework.kafka.KafkaListenerEndpointContainer#1-0-C-1] o.a.k.c.c.internals.ConsumerCoordinator  : [Consumer clientId=consumer-smartnotes-group-2, groupId=smartnotes-group] Group coordinator localhost:9092 (id: 2147483646 rack: null isFenced: false) is unavailable or invalid due to cause: coordinator unavailable. isDisconnected: false. Rediscovery will be attempted.
2026-05-07T21:00:14.612+05:30  INFO 2690 --- [org.springframework.kafka.KafkaListenerEndpointContainer#1-0-C-1] o.a.k.c.c.internals.ConsumerCoordinator  : [Consumer clientId=consumer-smartnotes-group-2, groupId=smartnotes-group] Requesting disconnect from last known coordinator localhost:9092 (id: 2147483646 rack: null isFenced: false)
2026-05-07T21:00:14.697+05:30  INFO 2690 --- [org.springframework.kafka.KafkaListenerEndpointContainer#1-0-C-1] o.a.k.c.c.internals.ConsumerCoordinator  : [Consumer clientId=consumer-smartnotes-group-2, groupId=smartnotes-group] Discovered group coordinator localhost:9092 (id: 2147483646 rack: null isFenced: false)
2026-05-07T21:00:31.265+05:30  WARN 2690 --- [HikariPool-1:housekeeper] com.zaxxer.hikari.pool.HikariPool        : HikariPool-1 - Thread starvation or clock leap detected (housekeeper delta=5m1s878ms).
2026-05-07T21:00:32.322+05:30 DEBUG 2690 --- [scheduling-1] org.hibernate.SQL                        : 
    select
        t1_0.id,
        t1_0.completed,
        t1_0.created_at,
        t1_0.description,
        t1_0.due_date,
        t1_0.note_id,
        t1_0.priority,
        t1_0.title,
        t1_0.user_id,
        u1_0.id,
        u1_0.email,
        u1_0.full_name,
        u1_0.password 
    from
        todos t1_0 
    join
        users u1_0 
            on u1_0.id=t1_0.user_id 
    where
        t1_0.due_date<? 
        and t1_0.completed=false
2026-05-07T21:00:32.333+05:30  INFO 2690 --- [scheduling-1] c.s.s.kafka.TodoDeadlineScheduler        : Overdue event fired for todo: 'Seperate Logs'
2026-05-07T21:00:32.335+05:30 DEBUG 2690 --- [scheduling-1] org.hibernate.SQL                        : 
    select
        t1_0.id,
        t1_0.completed,
        t1_0.created_at,
        t1_0.description,
        t1_0.due_date,
        t1_0.note_id,
        t1_0.priority,
        t1_0.title,
        t1_0.user_id,
        u1_0.id,
        u1_0.email,
        u1_0.full_name,
        u1_0.password 
    from
        todos t1_0 
    join
        users u1_0 
            on u1_0.id=t1_0.user_id 
    where
        t1_0.due_date between ? and ? 
        and t1_0.completed=false
2026-05-07T21:00:32.347+05:30 ERROR 2690 --- [org.springframework.kafka.KafkaListenerEndpointContainer#1-0-C-1] c.s.s.kafka.TodoEventConsumer            : 🔴 OVERDUE: 'Seperate Logs' for test@test.com
2026-05-07T21:01:32.311+05:30 DEBUG 2690 --- [scheduling-1] org.hibernate.SQL                        : 
    select
        t1_0.id,
        t1_0.completed,
        t1_0.created_at,
        t1_0.description,
        t1_0.due_date,
        t1_0.note_id,
        t1_0.priority,
        t1_0.title,
        t1_0.user_id,
        u1_0.id,
        u1_0.email,
        u1_0.full_name,
        u1_0.password 
    from
        todos t1_0 
    join
        users u1_0 
            on u1_0.id=t1_0.user_id 
    where
        t1_0.due_date<? 
        and t1_0.completed=false
2026-05-07T21:01:32.315+05:30  INFO 2690 --- [scheduling-1] c.s.s.kafka.TodoDeadlineScheduler        : Overdue event fired for todo: 'Seperate Logs'
2026-05-07T21:01:32.316+05:30 DEBUG 2690 --- [scheduling-1] org.hibernate.SQL                        : 
    select
        t1_0.id,
        t1_0.completed,
        t1_0.created_at,
        t1_0.description,
        t1_0.due_date,
        t1_0.note_id,
        t1_0.priority,
        t1_0.title,
        t1_0.user_id,
        u1_0.id,
        u1_0.email,
        u1_0.full_name,
        u1_0.password 
    from
        todos t1_0 
    join
        users u1_0 
            on u1_0.id=t1_0.user_id 
    where
        t1_0.due_date between ? and ? 
        and t1_0.completed=false
2026-05-07T21:01:32.326+05:30 ERROR 2690 --- [org.springframework.kafka.KafkaListenerEndpointContainer#1-0-C-1] c.s.s.kafka.TodoEventConsumer            : 🔴 OVERDUE: 'Seperate Logs' for test@test.com
2026-05-07T21:03:17.638+05:30  INFO 2690 --- [kafka-coordinator-heartbeat-thread | smartnotes-group] o.a.k.c.c.internals.ConsumerCoordinator  : [Consumer clientId=consumer-smartnotes-group-1, groupId=smartnotes-group] Group coordinator localhost:9092 (id: 2147483646 rack: null isFenced: false) is unavailable or invalid due to cause: session timed out without receiving a heartbeat response. isDisconnected: false. Rediscovery will be attempted.
2026-05-07T21:03:17.771+05:30  INFO 2690 --- [kafka-coordinator-heartbeat-thread | smartnotes-group] o.a.k.c.c.internals.ConsumerCoordinator  : [Consumer clientId=consumer-smartnotes-group-2, groupId=smartnotes-group] Group coordinator localhost:9092 (id: 2147483646 rack: null isFenced: false) is unavailable or invalid due to cause: session timed out without receiving a heartbeat response. isDisconnected: false. Rediscovery will be attempted.
2026-05-07T21:03:17.790+05:30  INFO 2690 --- [kafka-coordinator-heartbeat-thread | smartnotes-group] o.a.k.c.c.internals.ConsumerCoordinator  : [Consumer clientId=consumer-smartnotes-group-1, groupId=smartnotes-group] Requesting disconnect from last known coordinator localhost:9092 (id: 2147483646 rack: null isFenced: false)
2026-05-07T21:03:17.791+05:30  INFO 2690 --- [kafka-coordinator-heartbeat-thread | smartnotes-group] o.a.k.c.c.internals.ConsumerCoordinator  : [Consumer clientId=consumer-smartnotes-group-2, groupId=smartnotes-group] Requesting disconnect from last known coordinator localhost:9092 (id: 2147483646 rack: null isFenced: false)
2026-05-07T21:03:17.791+05:30  INFO 2690 --- [kafka-coordinator-heartbeat-thread | smartnotes-group] org.apache.kafka.clients.NetworkClient   : [Consumer clientId=consumer-smartnotes-group-1, groupId=smartnotes-group] Client requested disconnect from node 2147483646
2026-05-07T21:03:17.791+05:30  INFO 2690 --- [kafka-coordinator-heartbeat-thread | smartnotes-group] org.apache.kafka.clients.NetworkClient   : [Consumer clientId=consumer-smartnotes-group-2, groupId=smartnotes-group] Client requested disconnect from node 2147483646
2026-05-07T21:03:17.794+05:30  INFO 2690 --- [org.springframework.kafka.KafkaListenerEndpointContainer#1-0-C-1] o.a.k.c.c.internals.ConsumerCoordinator  : [Consumer clientId=consumer-smartnotes-group-2, groupId=smartnotes-group] Discovered group coordinator localhost:9092 (id: 2147483646 rack: null isFenced: false)
2026-05-07T21:03:17.794+05:30  INFO 2690 --- [org.springframework.kafka.KafkaListenerEndpointContainer#1-0-C-1] o.a.k.c.c.internals.ConsumerCoordinator  : [Consumer clientId=consumer-smartnotes-group-2, groupId=smartnotes-group] Group coordinator localhost:9092 (id: 2147483646 rack: null isFenced: false) is unavailable or invalid due to cause: coordinator unavailable. isDisconnected: false. Rediscovery will be attempted.
2026-05-07T21:03:17.794+05:30  INFO 2690 --- [org.springframework.kafka.KafkaListenerEndpointContainer#1-0-C-1] o.a.k.c.c.internals.ConsumerCoordinator  : [Consumer clientId=consumer-smartnotes-group-2, groupId=smartnotes-group] Requesting disconnect from last known coordinator localhost:9092 (id: 2147483646 rack: null isFenced: false)
2026-05-07T21:03:17.795+05:30  INFO 2690 --- [org.springframework.kafka.KafkaListenerEndpointContainer#0-0-C-1] o.a.k.c.c.internals.ConsumerCoordinator  : [Consumer clientId=consumer-smartnotes-group-1, groupId=smartnotes-group] Discovered group coordinator localhost:9092 (id: 2147483646 rack: null isFenced: false)
2026-05-07T21:03:17.795+05:30  INFO 2690 --- [org.springframework.kafka.KafkaListenerEndpointContainer#0-0-C-1] o.a.k.c.c.internals.ConsumerCoordinator  : [Consumer clientId=consumer-smartnotes-group-1, groupId=smartnotes-group] Group coordinator localhost:9092 (id: 2147483646 rack: null isFenced: false) is unavailable or invalid due to cause: coordinator unavailable. isDisconnected: false. Rediscovery will be attempted.
2026-05-07T21:03:17.795+05:30  INFO 2690 --- [org.springframework.kafka.KafkaListenerEndpointContainer#0-0-C-1] o.a.k.c.c.internals.ConsumerCoordinator  : [Consumer clientId=consumer-smartnotes-group-1, groupId=smartnotes-group] Requesting disconnect from last known coordinator localhost:9092 (id: 2147483646 rack: null isFenced: false)
2026-05-07T21:03:17.880+05:30  INFO 2690 --- [org.springframework.kafka.KafkaListenerEndpointContainer#1-0-C-1] o.a.k.c.c.internals.ConsumerCoordinator  : [Consumer clientId=consumer-smartnotes-group-2, groupId=smartnotes-group] Discovered group coordinator localhost:9092 (id: 2147483646 rack: null isFenced: false)
2026-05-07T21:03:17.909+05:30  INFO 2690 --- [org.springframework.kafka.KafkaListenerEndpointContainer#0-0-C-1] o.a.k.c.c.internals.ConsumerCoordinator  : [Consumer clientId=consumer-smartnotes-group-1, groupId=smartnotes-group] Discovered group coordinator localhost:9092 (id: 2147483646 rack: null isFenced: false)
2026-05-07T21:03:18.399+05:30  WARN 2690 --- [HikariPool-1:housekeeper] com.zaxxer.hikari.pool.HikariPool        : HikariPool-1 - Thread starvation or clock leap detected (housekeeper delta=1m17s129ms).
2026-05-07T21:03:19.443+05:30 DEBUG 2690 --- [scheduling-1] org.hibernate.SQL                        : 
    select
        t1_0.id,
        t1_0.completed,
        t1_0.created_at,
        t1_0.description,
        t1_0.due_date,
        t1_0.note_id,
        t1_0.priority,
        t1_0.title,
        t1_0.user_id,
        u1_0.id,
        u1_0.email,
        u1_0.full_name,
        u1_0.password 
    from
        todos t1_0 
    join
        users u1_0 
            on u1_0.id=t1_0.user_id 
    where
        t1_0.due_date<? 
        and t1_0.completed=false
2026-05-07T21:03:19.452+05:30  INFO 2690 --- [scheduling-1] c.s.s.kafka.TodoDeadlineScheduler        : Overdue event fired for todo: 'Seperate Logs'
2026-05-07T21:03:19.454+05:30 DEBUG 2690 --- [scheduling-1] org.hibernate.SQL                        : 
    select
        t1_0.id,
        t1_0.completed,
        t1_0.created_at,
        t1_0.description,
        t1_0.due_date,
        t1_0.note_id,
        t1_0.priority,
        t1_0.title,
        t1_0.user_id,
        u1_0.id,
        u1_0.email,
        u1_0.full_name,
        u1_0.password 
    from
        todos t1_0 
    join
        users u1_0 
            on u1_0.id=t1_0.user_id 
    where
        t1_0.due_date between ? and ? 
        and t1_0.completed=false
2026-05-07T21:03:19.466+05:30 ERROR 2690 --- [org.springframework.kafka.KafkaListenerEndpointContainer#1-0-C-1] c.s.s.kafka.TodoEventConsumer            : 🔴 OVERDUE: 'Seperate Logs' for test@test.com
2026-05-07T21:04:19.448+05:30 DEBUG 2690 --- [scheduling-1] org.hibernate.SQL                        : 
    select
        t1_0.id,
        t1_0.completed,
        t1_0.created_at,
        t1_0.description,
        t1_0.due_date,
        t1_0.note_id,
        t1_0.priority,
        t1_0.title,
        t1_0.user_id,
        u1_0.id,
        u1_0.email,
        u1_0.full_name,
        u1_0.password 
    from
        todos t1_0 
    join
        users u1_0 
            on u1_0.id=t1_0.user_id 
    where
        t1_0.due_date<? 
        and t1_0.completed=false
2026-05-07T21:04:19.456+05:30  INFO 2690 --- [scheduling-1] c.s.s.kafka.TodoDeadlineScheduler        : Overdue event fired for todo: 'Seperate Logs'
2026-05-07T21:04:19.457+05:30 DEBUG 2690 --- [scheduling-1] org.hibernate.SQL                        : 
    select
        t1_0.id,
        t1_0.completed,
        t1_0.created_at,
        t1_0.description,
        t1_0.due_date,
        t1_0.note_id,
        t1_0.priority,
        t1_0.title,
        t1_0.user_id,
        u1_0.id,
        u1_0.email,
        u1_0.full_name,
        u1_0.password 
    from
        todos t1_0 
    join
        users u1_0 
            on u1_0.id=t1_0.user_id 
    where
        t1_0.due_date between ? and ? 
        and t1_0.completed=false
2026-05-07T21:04:19.467+05:30 ERROR 2690 --- [org.springframework.kafka.KafkaListenerEndpointContainer#1-0-C-1] c.s.s.kafka.TodoEventConsumer            : 🔴 OVERDUE: 'Seperate Logs' for test@test.com
2026-05-07T21:05:19.436+05:30 DEBUG 2690 --- [scheduling-1] org.hibernate.SQL                        : 
    select
        t1_0.id,
        t1_0.completed,
        t1_0.created_at,
        t1_0.description,
        t1_0.due_date,
        t1_0.note_id,
        t1_0.priority,
        t1_0.title,
        t1_0.user_id,
        u1_0.id,
        u1_0.email,
        u1_0.full_name,
        u1_0.password 
    from
        todos t1_0 
    join
        users u1_0 
            on u1_0.id=t1_0.user_id 
    where
        t1_0.due_date<? 
        and t1_0.completed=false
2026-05-07T21:05:19.440+05:30  INFO 2690 --- [scheduling-1] c.s.s.kafka.TodoDeadlineScheduler        : Overdue event fired for todo: 'Seperate Logs'
2026-05-07T21:05:19.441+05:30 DEBUG 2690 --- [scheduling-1] org.hibernate.SQL                        : 
    select
        t1_0.id,
        t1_0.completed,
        t1_0.created_at,
        t1_0.description,
        t1_0.due_date,
        t1_0.note_id,
        t1_0.priority,
        t1_0.title,
        t1_0.user_id,
        u1_0.id,
        u1_0.email,
        u1_0.full_name,
        u1_0.password 
    from
        todos t1_0 
    join
        users u1_0 
            on u1_0.id=t1_0.user_id 
    where
        t1_0.due_date between ? and ? 
        and t1_0.completed=false
2026-05-07T21:05:19.451+05:30 ERROR 2690 --- [org.springframework.kafka.KafkaListenerEndpointContainer#1-0-C-1] c.s.s.kafka.TodoEventConsumer            : 🔴 OVERDUE: 'Seperate Logs' for test@test.com
2026-05-07T21:06:19.437+05:30 DEBUG 2690 --- [scheduling-1] org.hibernate.SQL                        : 
    select
        t1_0.id,
        t1_0.completed,
        t1_0.created_at,
        t1_0.description,
        t1_0.due_date,
        t1_0.note_id,
        t1_0.priority,
        t1_0.title,
        t1_0.user_id,
        u1_0.id,
        u1_0.email,
        u1_0.full_name,
        u1_0.password 
    from
        todos t1_0 
    join
        users u1_0 
            on u1_0.id=t1_0.user_id 
    where
        t1_0.due_date<? 
        and t1_0.completed=false
2026-05-07T21:06:19.441+05:30  INFO 2690 --- [scheduling-1] c.s.s.kafka.TodoDeadlineScheduler        : Overdue event fired for todo: 'Seperate Logs'
2026-05-07T21:06:19.442+05:30 DEBUG 2690 --- [scheduling-1] org.hibernate.SQL                        : 
    select
        t1_0.id,
        t1_0.completed,
        t1_0.created_at,
        t1_0.description,
        t1_0.due_date,
        t1_0.note_id,
        t1_0.priority,
        t1_0.title,
        t1_0.user_id,
        u1_0.id,
        u1_0.email,
        u1_0.full_name,
        u1_0.password 
    from
        todos t1_0 
    join
        users u1_0 
            on u1_0.id=t1_0.user_id 
    where
        t1_0.due_date between ? and ? 
        and t1_0.completed=false
2026-05-07T21:06:19.452+05:30 ERROR 2690 --- [org.springframework.kafka.KafkaListenerEndpointContainer#1-0-C-1] c.s.s.kafka.TodoEventConsumer            : 🔴 OVERDUE: 'Seperate Logs' for test@test.com
2026-05-07T21:07:32.538+05:30  INFO 2690 --- [org.springframework.kafka.KafkaListenerEndpointContainer#0-0-C-1] org.apache.kafka.clients.NetworkClient   : [Consumer clientId=consumer-smartnotes-group-1, groupId=smartnotes-group] Disconnecting from node 1 due to request timeout.
2026-05-07T21:07:32.688+05:30  INFO 2690 --- [org.springframework.kafka.KafkaListenerEndpointContainer#0-0-C-1] org.apache.kafka.clients.NetworkClient   : [Consumer clientId=consumer-smartnotes-group-1, groupId=smartnotes-group] Cancelled in-flight FETCH request with correlation id 4849 due to node 1 being disconnected (elapsed time since creation: 30162ms, elapsed time since send: 30162ms, throttle time: 0ms, request timeout: 30000ms)
2026-05-07T21:07:32.689+05:30  INFO 2690 --- [kafka-coordinator-heartbeat-thread | smartnotes-group] org.apache.kafka.clients.Metadata        : [Consumer clientId=consumer-smartnotes-group-1, groupId=smartnotes-group] Rebootstrapping with [localhost/127.0.0.1:9092]
2026-05-07T21:07:32.689+05:30  INFO 2690 --- [org.springframework.kafka.KafkaListenerEndpointContainer#0-0-C-1] o.a.kafka.clients.FetchSessionHandler    : [Consumer clientId=consumer-smartnotes-group-1, groupId=smartnotes-group] Error sending fetch request (sessionId=414471161, epoch=4129) to node 1:

org.apache.kafka.common.errors.DisconnectException

2026-05-07T21:07:32.695+05:30  INFO 2690 --- [org.springframework.kafka.KafkaListenerEndpointContainer#0-0-C-1] o.a.k.c.c.internals.ConsumerCoordinator  : [Consumer clientId=consumer-smartnotes-group-1, groupId=smartnotes-group] Request joining group due to: cached metadata has changed from (version3: {note.events=[NO_RACKS], todo.events=[NO_RACKS]}) at the beginning of the rebalance to (version11: {note.events=[], todo.events=[]})
2026-05-07T21:07:32.696+05:30  INFO 2690 --- [org.springframework.kafka.KafkaListenerEndpointContainer#0-0-C-1] k.c.c.i.ConsumerRebalanceListenerInvoker : [Consumer clientId=consumer-smartnotes-group-1, groupId=smartnotes-group] Revoke previously assigned partitions [note.events-0]
2026-05-07T21:07:32.696+05:30  INFO 2690 --- [org.springframework.kafka.KafkaListenerEndpointContainer#0-0-C-1] o.s.k.l.KafkaMessageListenerContainer    : smartnotes-group: partitions revoked: [note.events-0]
2026-05-07T21:07:32.696+05:30  INFO 2690 --- [org.springframework.kafka.KafkaListenerEndpointContainer#0-0-C-1] o.a.k.c.c.internals.ConsumerCoordinator  : [Consumer clientId=consumer-smartnotes-group-1, groupId=smartnotes-group] (Re-)joining group
2026-05-07T21:07:32.704+05:30  INFO 2690 --- [org.springframework.kafka.KafkaListenerEndpointContainer#0-0-C-1] org.apache.kafka.clients.Metadata        : [Consumer clientId=consumer-smartnotes-group-1, groupId=smartnotes-group] Resetting the last seen epoch of partition note.events-0 to 0 since the associated topicId changed from null to FRUVzdUNSxG6XoOtv2vshQ
2026-05-07T21:07:32.704+05:30  INFO 2690 --- [org.springframework.kafka.KafkaListenerEndpointContainer#0-0-C-1] org.apache.kafka.clients.Metadata        : [Consumer clientId=consumer-smartnotes-group-1, groupId=smartnotes-group] Cluster ID: ZoAnZbJ5RgONooCyb-SgiQ
2026-05-07T21:07:35.546+05:30  INFO 2690 --- [org.springframework.kafka.KafkaListenerEndpointContainer#1-0-C-1] o.a.k.c.c.internals.ConsumerCoordinator  : [Consumer clientId=consumer-smartnotes-group-2, groupId=smartnotes-group] Request joining group due to: group is already rebalancing
2026-05-07T21:07:35.548+05:30  INFO 2690 --- [org.springframework.kafka.KafkaListenerEndpointContainer#1-0-C-1] k.c.c.i.ConsumerRebalanceListenerInvoker : [Consumer clientId=consumer-smartnotes-group-2, groupId=smartnotes-group] Revoke previously assigned partitions [todo.events-0]
2026-05-07T21:07:35.548+05:30  INFO 2690 --- [org.springframework.kafka.KafkaListenerEndpointContainer#1-0-C-1] o.s.k.l.KafkaMessageListenerContainer    : smartnotes-group: partitions revoked: [todo.events-0]
2026-05-07T21:07:35.549+05:30  INFO 2690 --- [org.springframework.kafka.KafkaListenerEndpointContainer#1-0-C-1] o.a.k.c.c.internals.ConsumerCoordinator  : [Consumer clientId=consumer-smartnotes-group-2, groupId=smartnotes-group] (Re-)joining group
2026-05-07T21:07:35.555+05:30  INFO 2690 --- [org.springframework.kafka.KafkaListenerEndpointContainer#0-0-C-1] o.a.k.c.c.internals.ConsumerCoordinator  : [Consumer clientId=consumer-smartnotes-group-1, groupId=smartnotes-group] Successfully joined group with generation Generation{generationId=62, memberId='consumer-smartnotes-group-1-c7603546-84d6-41bf-a554-e3bad438dadb', protocol='range'}
2026-05-07T21:07:35.555+05:30  INFO 2690 --- [org.springframework.kafka.KafkaListenerEndpointContainer#1-0-C-1] o.a.k.c.c.internals.ConsumerCoordinator  : [Consumer clientId=consumer-smartnotes-group-2, groupId=smartnotes-group] Successfully joined group with generation Generation{generationId=62, memberId='consumer-smartnotes-group-2-60536726-5efb-47f7-a7e6-aa0b11196d38', protocol='range'}
2026-05-07T21:07:35.562+05:30  INFO 2690 --- [org.springframework.kafka.KafkaListenerEndpointContainer#0-0-C-1] o.a.k.c.c.internals.ConsumerCoordinator  : [Consumer clientId=consumer-smartnotes-group-1, groupId=smartnotes-group] Finished assignment for group at generation 62: {consumer-smartnotes-group-2-60536726-5efb-47f7-a7e6-aa0b11196d38=Assignment(partitions=[todo.events-0]), consumer-smartnotes-group-1-c7603546-84d6-41bf-a554-e3bad438dadb=Assignment(partitions=[note.events-0])}
2026-05-07T21:07:35.567+05:30  INFO 2690 --- [org.springframework.kafka.KafkaListenerEndpointContainer#1-0-C-1] o.a.k.c.c.internals.ConsumerCoordinator  : [Consumer clientId=consumer-smartnotes-group-2, groupId=smartnotes-group] Successfully synced group in generation Generation{generationId=62, memberId='consumer-smartnotes-group-2-60536726-5efb-47f7-a7e6-aa0b11196d38', protocol='range'}
2026-05-07T21:07:35.567+05:30  INFO 2690 --- [org.springframework.kafka.KafkaListenerEndpointContainer#0-0-C-1] o.a.k.c.c.internals.ConsumerCoordinator  : [Consumer clientId=consumer-smartnotes-group-1, groupId=smartnotes-group] Successfully synced group in generation Generation{generationId=62, memberId='consumer-smartnotes-group-1-c7603546-84d6-41bf-a554-e3bad438dadb', protocol='range'}
2026-05-07T21:07:35.567+05:30  INFO 2690 --- [org.springframework.kafka.KafkaListenerEndpointContainer#1-0-C-1] o.a.k.c.c.internals.ConsumerCoordinator  : [Consumer clientId=consumer-smartnotes-group-2, groupId=smartnotes-group] Notifying assignor about the new Assignment(partitions=[todo.events-0])
2026-05-07T21:07:35.567+05:30  INFO 2690 --- [org.springframework.kafka.KafkaListenerEndpointContainer#1-0-C-1] k.c.c.i.ConsumerRebalanceListenerInvoker : [Consumer clientId=consumer-smartnotes-group-2, groupId=smartnotes-group] Adding newly assigned partitions: [todo.events-0]
2026-05-07T21:07:35.567+05:30  INFO 2690 --- [org.springframework.kafka.KafkaListenerEndpointContainer#0-0-C-1] o.a.k.c.c.internals.ConsumerCoordinator  : [Consumer clientId=consumer-smartnotes-group-1, groupId=smartnotes-group] Notifying assignor about the new Assignment(partitions=[note.events-0])
2026-05-07T21:07:35.567+05:30  INFO 2690 --- [org.springframework.kafka.KafkaListenerEndpointContainer#0-0-C-1] k.c.c.i.ConsumerRebalanceListenerInvoker : [Consumer clientId=consumer-smartnotes-group-1, groupId=smartnotes-group] Adding newly assigned partitions: [note.events-0]
2026-05-07T21:07:35.569+05:30  INFO 2690 --- [org.springframework.kafka.KafkaListenerEndpointContainer#0-0-C-1] o.a.k.c.c.internals.ConsumerUtils        : Setting offset for partition note.events-0 to the committed offset FetchPosition{offset=8, offsetEpoch=Optional.empty, currentLeader=LeaderAndEpoch{leader=Optional[localhost:9092 (id: 1 rack: null isFenced: false)], epoch=0}}
2026-05-07T21:07:35.569+05:30  INFO 2690 --- [org.springframework.kafka.KafkaListenerEndpointContainer#1-0-C-1] o.a.k.c.c.internals.ConsumerUtils        : Setting offset for partition todo.events-0 to the committed offset FetchPosition{offset=83, offsetEpoch=Optional.empty, currentLeader=LeaderAndEpoch{leader=Optional[localhost:9092 (id: 1 rack: null isFenced: false)], epoch=0}}
2026-05-07T21:07:35.570+05:30  INFO 2690 --- [org.springframework.kafka.KafkaListenerEndpointContainer#0-0-C-1] o.s.k.l.KafkaMessageListenerContainer    : smartnotes-group: partitions assigned: [note.events-0]
2026-05-07T21:07:35.570+05:30  INFO 2690 --- [org.springframework.kafka.KafkaListenerEndpointContainer#1-0-C-1] o.s.k.l.KafkaMessageListenerContainer    : smartnotes-group: partitions assigned: [todo.events-0]
2026-05-07T21:07:48.140+05:30  WARN 2690 --- [HikariPool-1:housekeeper] com.zaxxer.hikari.pool.HikariPool        : HikariPool-1 - Thread starvation or clock leap detected (housekeeper delta=59s712ms).
2026-05-07T21:07:49.142+05:30 DEBUG 2690 --- [scheduling-1] org.hibernate.SQL                        : 
    select
        t1_0.id,
        t1_0.completed,
        t1_0.created_at,
        t1_0.description,
        t1_0.due_date,
        t1_0.note_id,
        t1_0.priority,
        t1_0.title,
        t1_0.user_id,
        u1_0.id,
        u1_0.email,
        u1_0.full_name,
        u1_0.password 
    from
        todos t1_0 
    join
        users u1_0 
            on u1_0.id=t1_0.user_id 
    where
        t1_0.due_date<? 
        and t1_0.completed=false
2026-05-07T21:07:49.149+05:30  INFO 2690 --- [scheduling-1] c.s.s.kafka.TodoDeadlineScheduler        : Overdue event fired for todo: 'Seperate Logs'
2026-05-07T21:07:49.150+05:30 DEBUG 2690 --- [scheduling-1] org.hibernate.SQL                        : 
    select
        t1_0.id,
        t1_0.completed,
        t1_0.created_at,
        t1_0.description,
        t1_0.due_date,
        t1_0.note_id,
        t1_0.priority,
        t1_0.title,
        t1_0.user_id,
        u1_0.id,
        u1_0.email,
        u1_0.full_name,
        u1_0.password 
    from
        todos t1_0 
    join
        users u1_0 
            on u1_0.id=t1_0.user_id 
    where
        t1_0.due_date between ? and ? 
        and t1_0.completed=false
2026-05-07T21:07:49.161+05:30 ERROR 2690 --- [org.springframework.kafka.KafkaListenerEndpointContainer#1-0-C-1] c.s.s.kafka.TodoEventConsumer            : 🔴 OVERDUE: 'Seperate Logs' for test@test.com
2026-05-07T21:08:16.915+05:30 DEBUG 2690 --- [http-nio-8080-exec-8] org.hibernate.SQL                        : 
    select
        u1_0.id,
        u1_0.email,
        u1_0.full_name,
        u1_0.password 
    from
        users u1_0 
    where
        u1_0.email=?
2026-05-07T21:08:16.994+05:30 DEBUG 2690 --- [http-nio-8080-exec-8] org.hibernate.SQL                        : 
    select
        u1_0.id,
        u1_0.email,
        u1_0.full_name,
        u1_0.password 
    from
        users u1_0 
    where
        u1_0.email=?
2026-05-07T21:08:22.694+05:30 ERROR 2690 --- [http-nio-8080-exec-10] o.a.c.c.C.[.[.[/].[dispatcherServlet]    : Servlet.service() for servlet [dispatcherServlet] in context with path [] threw exception

io.jsonwebtoken.ExpiredJwtException: JWT expired 690210693 milliseconds ago at 2026-04-29T15:54:52.000Z. Current time: 2026-05-07T15:38:22.693Z. Allowed clock skew: 0 milliseconds.
	at io.jsonwebtoken.impl.DefaultJwtParser.parse(DefaultJwtParser.java:691) ~[jjwt-impl-0.12.6.jar:0.12.6]
	at io.jsonwebtoken.impl.DefaultJwtParser.parse(DefaultJwtParser.java:364) ~[jjwt-impl-0.12.6.jar:0.12.6]
	at io.jsonwebtoken.impl.DefaultJwtParser.parse(DefaultJwtParser.java:94) ~[jjwt-impl-0.12.6.jar:0.12.6]
	at io.jsonwebtoken.impl.io.AbstractParser.parse(AbstractParser.java:36) ~[jjwt-impl-0.12.6.jar:0.12.6]
	at io.jsonwebtoken.impl.io.AbstractParser.parse(AbstractParser.java:29) ~[jjwt-impl-0.12.6.jar:0.12.6]
	at io.jsonwebtoken.impl.DefaultJwtParser.parseSignedClaims(DefaultJwtParser.java:830) ~[jjwt-impl-0.12.6.jar:0.12.6]
	at com.smartnotes.smartnotes_backend.config.JwtService.extractEmail(JwtService.java:37) ~[classes/:na]
	at com.smartnotes.smartnotes_backend.config.JwtAuthFilter.doFilterInternal(JwtAuthFilter.java:34) ~[classes/:na]
	at org.springframework.web.filter.OncePerRequestFilter.doFilter(OncePerRequestFilter.java:116) ~[spring-web-7.0.7.jar:7.0.7]
	at org.springframework.security.web.ObservationFilterChainDecorator$ObservationFilter.wrapFilter(ObservationFilterChainDecorator.java:244) ~[spring-security-web-7.0.5.jar:7.0.5]
	at org.springframework.security.web.ObservationFilterChainDecorator$ObservationFilter.doFilter(ObservationFilterChainDecorator.java:231) ~[spring-security-web-7.0.5.jar:7.0.5]
	at org.springframework.security.web.ObservationFilterChainDecorator$VirtualFilterChain.doFilter(ObservationFilterChainDecorator.java:141) ~[spring-security-web-7.0.5.jar:7.0.5]
	at org.springframework.security.web.authentication.logout.LogoutFilter.doFilter(LogoutFilter.java:110) ~[spring-security-web-7.0.5.jar:7.0.5]
	at org.springframework.security.web.authentication.logout.LogoutFilter.doFilter(LogoutFilter.java:96) ~[spring-security-web-7.0.5.jar:7.0.5]
	at org.springframework.security.web.ObservationFilterChainDecorator$ObservationFilter.wrapFilter(ObservationFilterChainDecorator.java:244) ~[spring-security-web-7.0.5.jar:7.0.5]
	at org.springframework.security.web.ObservationFilterChainDecorator$ObservationFilter.doFilter(ObservationFilterChainDecorator.java:231) ~[spring-security-web-7.0.5.jar:7.0.5]
	at org.springframework.security.web.ObservationFilterChainDecorator$VirtualFilterChain.doFilter(ObservationFilterChainDecorator.java:141) ~[spring-security-web-7.0.5.jar:7.0.5]
	at org.springframework.web.filter.CorsFilter.doFilterInternal(CorsFilter.java:91) ~[spring-web-7.0.7.jar:7.0.7]
	at org.springframework.web.filter.OncePerRequestFilter.doFilter(OncePerRequestFilter.java:116) ~[spring-web-7.0.7.jar:7.0.7]
	at org.springframework.security.web.ObservationFilterChainDecorator$ObservationFilter.wrapFilter(ObservationFilterChainDecorator.java:244) ~[spring-security-web-7.0.5.jar:7.0.5]
	at org.springframework.security.web.ObservationFilterChainDecorator$ObservationFilter.doFilter(ObservationFilterChainDecorator.java:231) ~[spring-security-web-7.0.5.jar:7.0.5]
	at org.springframework.security.web.ObservationFilterChainDecorator$VirtualFilterChain.doFilter(ObservationFilterChainDecorator.java:141) ~[spring-security-web-7.0.5.jar:7.0.5]
	at org.springframework.security.web.header.HeaderWriterFilter.doHeadersAfter(HeaderWriterFilter.java:90) ~[spring-security-web-7.0.5.jar:7.0.5]
	at org.springframework.security.web.header.HeaderWriterFilter.doFilterInternal(HeaderWriterFilter.java:75) ~[spring-security-web-7.0.5.jar:7.0.5]
	at org.springframework.web.filter.OncePerRequestFilter.doFilter(OncePerRequestFilter.java:116) ~[spring-web-7.0.7.jar:7.0.7]
	at org.springframework.security.web.ObservationFilterChainDecorator$ObservationFilter.wrapFilter(ObservationFilterChainDecorator.java:244) ~[spring-security-web-7.0.5.jar:7.0.5]
	at org.springframework.security.web.ObservationFilterChainDecorator$ObservationFilter.doFilter(ObservationFilterChainDecorator.java:231) ~[spring-security-web-7.0.5.jar:7.0.5]
	at org.springframework.security.web.ObservationFilterChainDecorator$VirtualFilterChain.doFilter(ObservationFilterChainDecorator.java:141) ~[spring-security-web-7.0.5.jar:7.0.5]
	at org.springframework.security.web.context.SecurityContextHolderFilter.doFilter(SecurityContextHolderFilter.java:82) ~[spring-security-web-7.0.5.jar:7.0.5]
	at org.springframework.security.web.context.SecurityContextHolderFilter.doFilter(SecurityContextHolderFilter.java:69) ~[spring-security-web-7.0.5.jar:7.0.5]
	at org.springframework.security.web.ObservationFilterChainDecorator$ObservationFilter.wrapFilter(ObservationFilterChainDecorator.java:244) ~[spring-security-web-7.0.5.jar:7.0.5]
	at org.springframework.security.web.ObservationFilterChainDecorator$ObservationFilter.doFilter(ObservationFilterChainDecorator.java:231) ~[spring-security-web-7.0.5.jar:7.0.5]
	at org.springframework.security.web.ObservationFilterChainDecorator$VirtualFilterChain.doFilter(ObservationFilterChainDecorator.java:141) ~[spring-security-web-7.0.5.jar:7.0.5]
	at org.springframework.security.web.context.request.async.WebAsyncManagerIntegrationFilter.doFilterInternal(WebAsyncManagerIntegrationFilter.java:62) ~[spring-security-web-7.0.5.jar:7.0.5]
	at org.springframework.web.filter.OncePerRequestFilter.doFilter(OncePerRequestFilter.java:116) ~[spring-web-7.0.7.jar:7.0.7]
	at org.springframework.security.web.ObservationFilterChainDecorator$ObservationFilter.wrapFilter(ObservationFilterChainDecorator.java:244) ~[spring-security-web-7.0.5.jar:7.0.5]
	at org.springframework.security.web.ObservationFilterChainDecorator$ObservationFilter.doFilter(ObservationFilterChainDecorator.java:231) ~[spring-security-web-7.0.5.jar:7.0.5]
	at org.springframework.security.web.ObservationFilterChainDecorator$VirtualFilterChain.doFilter(ObservationFilterChainDecorator.java:141) ~[spring-security-web-7.0.5.jar:7.0.5]
	at org.springframework.security.web.session.DisableEncodeUrlFilter.doFilterInternal(DisableEncodeUrlFilter.java:42) ~[spring-security-web-7.0.5.jar:7.0.5]
	at org.springframework.web.filter.OncePerRequestFilter.doFilter(OncePerRequestFilter.java:116) ~[spring-web-7.0.7.jar:7.0.7]
	at org.springframework.security.web.ObservationFilterChainDecorator$ObservationFilter.wrapFilter(ObservationFilterChainDecorator.java:244) ~[spring-security-web-7.0.5.jar:7.0.5]
	at org.springframework.security.web.ObservationFilterChainDecorator$AroundFilterObservation$SimpleAroundFilterObservation.lambda$wrap$0(ObservationFilterChainDecorator.java:337) ~[spring-security-web-7.0.5.jar:7.0.5]
	at org.springframework.security.web.ObservationFilterChainDecorator$ObservationFilter.doFilter(ObservationFilterChainDecorator.java:228) ~[spring-security-web-7.0.5.jar:7.0.5]
	at org.springframework.security.web.ObservationFilterChainDecorator$VirtualFilterChain.doFilter(ObservationFilterChainDecorator.java:141) ~[spring-security-web-7.0.5.jar:7.0.5]
	at org.springframework.security.web.FilterChainProxy.doFilterInternal(FilterChainProxy.java:237) ~[spring-security-web-7.0.5.jar:7.0.5]
	at org.springframework.security.web.FilterChainProxy.doFilter(FilterChainProxy.java:195) ~[spring-security-web-7.0.5.jar:7.0.5]
	at org.springframework.web.filter.CompositeFilter$VirtualFilterChain.doFilter(CompositeFilter.java:113) ~[spring-web-7.0.7.jar:7.0.7]
	at org.springframework.web.filter.ServletRequestPathFilter.doFilter(ServletRequestPathFilter.java:52) ~[spring-web-7.0.7.jar:7.0.7]
	at org.springframework.web.filter.CompositeFilter$VirtualFilterChain.doFilter(CompositeFilter.java:113) ~[spring-web-7.0.7.jar:7.0.7]
	at org.springframework.web.filter.CompositeFilter.doFilter(CompositeFilter.java:74) ~[spring-web-7.0.7.jar:7.0.7]
	at org.springframework.security.config.annotation.web.configuration.WebSecurityConfiguration$CompositeFilterChainProxy.doFilter(WebSecurityConfiguration.java:317) ~[spring-security-config-7.0.5.jar:7.0.5]
	at org.springframework.web.filter.DelegatingFilterProxy.invokeDelegate(DelegatingFilterProxy.java:355) ~[spring-web-7.0.7.jar:7.0.7]
	at org.springframework.web.filter.DelegatingFilterProxy.doFilter(DelegatingFilterProxy.java:272) ~[spring-web-7.0.7.jar:7.0.7]
	at org.apache.catalina.core.ApplicationFilterChain.doFilter(ApplicationFilterChain.java:107) ~[tomcat-embed-core-11.0.21.jar:11.0.21]
	at org.springframework.web.filter.RequestContextFilter.doFilterInternal(RequestContextFilter.java:100) ~[spring-web-7.0.7.jar:7.0.7]
	at org.springframework.web.filter.OncePerRequestFilter.doFilter(OncePerRequestFilter.java:116) ~[spring-web-7.0.7.jar:7.0.7]
	at org.apache.catalina.core.ApplicationFilterChain.doFilter(ApplicationFilterChain.java:107) ~[tomcat-embed-core-11.0.21.jar:11.0.21]
	at org.springframework.web.filter.FormContentFilter.doFilterInternal(FormContentFilter.java:93) ~[spring-web-7.0.7.jar:7.0.7]
	at org.springframework.web.filter.OncePerRequestFilter.doFilter(OncePerRequestFilter.java:116) ~[spring-web-7.0.7.jar:7.0.7]
	at org.apache.catalina.core.ApplicationFilterChain.doFilter(ApplicationFilterChain.java:107) ~[tomcat-embed-core-11.0.21.jar:11.0.21]
	at org.springframework.web.filter.ServerHttpObservationFilter.doFilterInternal(ServerHttpObservationFilter.java:110) ~[spring-web-7.0.7.jar:7.0.7]
	at org.springframework.web.filter.OncePerRequestFilter.doFilter(OncePerRequestFilter.java:116) ~[spring-web-7.0.7.jar:7.0.7]
	at org.apache.catalina.core.ApplicationFilterChain.doFilter(ApplicationFilterChain.java:107) ~[tomcat-embed-core-11.0.21.jar:11.0.21]
	at org.springframework.web.filter.CharacterEncodingFilter.doFilterInternal(CharacterEncodingFilter.java:199) ~[spring-web-7.0.7.jar:7.0.7]
	at org.springframework.web.filter.OncePerRequestFilter.doFilter(OncePerRequestFilter.java:116) ~[spring-web-7.0.7.jar:7.0.7]
	at org.apache.catalina.core.ApplicationFilterChain.doFilter(ApplicationFilterChain.java:107) ~[tomcat-embed-core-11.0.21.jar:11.0.21]
	at org.apache.catalina.core.StandardWrapperValve.invoke(StandardWrapperValve.java:165) ~[tomcat-embed-core-11.0.21.jar:11.0.21]
	at org.apache.catalina.core.StandardContextValve.invoke(StandardContextValve.java:77) ~[tomcat-embed-core-11.0.21.jar:11.0.21]
	at org.apache.catalina.authenticator.AuthenticatorBase.invoke(AuthenticatorBase.java:492) ~[tomcat-embed-core-11.0.21.jar:11.0.21]
	at org.apache.catalina.core.StandardHostValve.invoke(StandardHostValve.java:113) ~[tomcat-embed-core-11.0.21.jar:11.0.21]
	at org.apache.catalina.valves.ErrorReportValve.invoke(ErrorReportValve.java:83) ~[tomcat-embed-core-11.0.21.jar:11.0.21]
	at org.apache.catalina.core.StandardEngineValve.invoke(StandardEngineValve.java:72) ~[tomcat-embed-core-11.0.21.jar:11.0.21]
	at org.apache.catalina.connector.CoyoteAdapter.service(CoyoteAdapter.java:341) ~[tomcat-embed-core-11.0.21.jar:11.0.21]
	at org.apache.coyote.http11.Http11Processor.service(Http11Processor.java:397) ~[tomcat-embed-core-11.0.21.jar:11.0.21]
	at org.apache.coyote.AbstractProcessorLight.process(AbstractProcessorLight.java:63) ~[tomcat-embed-core-11.0.21.jar:11.0.21]
	at org.apache.coyote.AbstractProtocol$ConnectionHandler.process(AbstractProtocol.java:903) ~[tomcat-embed-core-11.0.21.jar:11.0.21]
	at org.apache.tomcat.util.net.NioEndpoint$SocketProcessor.doRun(NioEndpoint.java:1801) ~[tomcat-embed-core-11.0.21.jar:11.0.21]
	at org.apache.tomcat.util.net.SocketProcessorBase.run(SocketProcessorBase.java:52) ~[tomcat-embed-core-11.0.21.jar:11.0.21]
	at org.apache.tomcat.util.threads.ThreadPoolExecutor.runWorker(ThreadPoolExecutor.java:946) ~[tomcat-embed-core-11.0.21.jar:11.0.21]
	at org.apache.tomcat.util.threads.ThreadPoolExecutor$Worker.run(ThreadPoolExecutor.java:480) ~[tomcat-embed-core-11.0.21.jar:11.0.21]
	at org.apache.tomcat.util.threads.TaskThread$WrappingRunnable.run(TaskThread.java:57) ~[tomcat-embed-core-11.0.21.jar:11.0.21]
	at java.base/java.lang.Thread.run(Thread.java:1516) ~[na:na]

2026-05-07T21:08:44.419+05:30 DEBUG 2690 --- [http-nio-8080-exec-5] org.hibernate.SQL                        : 
    select
        u1_0.id,
        u1_0.email,
        u1_0.full_name,
        u1_0.password 
    from
        users u1_0 
    where
        u1_0.email=?
2026-05-07T21:08:44.452+05:30 DEBUG 2690 --- [http-nio-8080-exec-5] org.hibernate.SQL                        : 
    insert 
    into
        notes
        (ai_follow_up, ai_summary, content, created_at, title, updated_at, user_id) 
    values
        (?, ?, ?, ?, ?, ?, ?)
2026-05-07T21:08:44.467+05:30 DEBUG 2690 --- [http-nio-8080-exec-5] org.hibernate.SQL                        : 
    insert 
    into
        note_tags
        (note_id, tag) 
    values
        (?, ?)
2026-05-07T21:08:44.468+05:30 DEBUG 2690 --- [http-nio-8080-exec-5] org.hibernate.SQL                        : 
    insert 
    into
        note_tags
        (note_id, tag) 
    values
        (?, ?)
2026-05-07T21:08:44.477+05:30  INFO 2690 --- [http-nio-8080-exec-5] c.s.s.kafka.NoteEventProducer            : Published event: NOTE_CREATED for noteId: 9
2026-05-07T21:08:44.500+05:30  INFO 2690 --- [org.springframework.kafka.KafkaListenerEndpointContainer#0-0-C-1] c.s.s.kafka.NoteEventConsumer            : Processing AI for note: 'My first note'
2026-05-07T21:08:44.573+05:30 ERROR 2690 --- [org.springframework.kafka.KafkaListenerEndpointContainer#0-0-C-1] c.s.s.service.AiService                  : Ollama call failed: 404 Not Found: "{"error":"model 'llama3.2' not found"}"
2026-05-07T21:08:44.574+05:30 ERROR 2690 --- [org.springframework.kafka.KafkaListenerEndpointContainer#0-0-C-1] c.s.s.service.AiService                  : Ollama call failed: 404 Not Found: "{"error":"model 'llama3.2' not found"}"
2026-05-07T21:08:44.578+05:30 DEBUG 2690 --- [org.springframework.kafka.KafkaListenerEndpointContainer#0-0-C-1] org.hibernate.SQL                        : 
    select
        n1_0.id,
        n1_0.ai_follow_up,
        n1_0.ai_summary,
        n1_0.content,
        n1_0.created_at,
        n1_0.title,
        n1_0.updated_at,
        n1_0.user_id 
    from
        notes n1_0 
    where
        n1_0.id=?
2026-05-07T21:08:44.583+05:30 DEBUG 2690 --- [org.springframework.kafka.KafkaListenerEndpointContainer#0-0-C-1] org.hibernate.SQL                        : 
    select
        n1_0.id,
        n1_0.ai_follow_up,
        n1_0.ai_summary,
        n1_0.content,
        n1_0.created_at,
        n1_0.title,
        n1_0.updated_at,
        n1_0.user_id 
    from
        notes n1_0 
    where
        n1_0.id=?
2026-05-07T21:08:44.584+05:30  INFO 2690 --- [org.springframework.kafka.KafkaListenerEndpointContainer#0-0-C-1] c.s.s.kafka.NoteEventConsumer            : AI enrichment saved for noteId: 9
2026-05-07T21:08:49.139+05:30 DEBUG 2690 --- [scheduling-1] org.hibernate.SQL                        : 
    select
        t1_0.id,
        t1_0.completed,
        t1_0.created_at,
        t1_0.description,
        t1_0.due_date,
        t1_0.note_id,
        t1_0.priority,
        t1_0.title,
        t1_0.user_id,
        u1_0.id,
        u1_0.email,
        u1_0.full_name,
        u1_0.password 
    from
        todos t1_0 
    join
        users u1_0 
            on u1_0.id=t1_0.user_id 
    where
        t1_0.due_date<? 
        and t1_0.completed=false
2026-05-07T21:08:49.142+05:30  INFO 2690 --- [scheduling-1] c.s.s.kafka.TodoDeadlineScheduler        : Overdue event fired for todo: 'Seperate Logs'
2026-05-07T21:08:49.142+05:30 DEBUG 2690 --- [scheduling-1] org.hibernate.SQL                        : 
    select
        t1_0.id,
        t1_0.completed,
        t1_0.created_at,
        t1_0.description,
        t1_0.due_date,
        t1_0.note_id,
        t1_0.priority,
        t1_0.title,
        t1_0.user_id,
        u1_0.id,
        u1_0.email,
        u1_0.full_name,
        u1_0.password 
    from
        todos t1_0 
    join
        users u1_0 
            on u1_0.id=t1_0.user_id 
    where
        t1_0.due_date between ? and ? 
        and t1_0.completed=false
2026-05-07T21:08:49.158+05:30 ERROR 2690 --- [org.springframework.kafka.KafkaListenerEndpointContainer#1-0-C-1] c.s.s.kafka.TodoEventConsumer            : 🔴 OVERDUE: 'Seperate Logs' for test@test.com
2026-05-07T21:09:49.141+05:30 DEBUG 2690 --- [scheduling-1] org.hibernate.SQL                        : 
    select
        t1_0.id,
        t1_0.completed,
        t1_0.created_at,
        t1_0.description,
        t1_0.due_date,
        t1_0.note_id,
        t1_0.priority,
        t1_0.title,
        t1_0.user_id,
        u1_0.id,
        u1_0.email,
        u1_0.full_name,
        u1_0.password 
    from
        todos t1_0 
    join
        users u1_0 
            on u1_0.id=t1_0.user_id 
    where
        t1_0.due_date<? 
        and t1_0.completed=false
2026-05-07T21:09:49.149+05:30  INFO 2690 --- [scheduling-1] c.s.s.kafka.TodoDeadlineScheduler        : Overdue event fired for todo: 'Seperate Logs'
2026-05-07T21:09:49.150+05:30 DEBUG 2690 --- [scheduling-1] org.hibernate.SQL                        : 
    select
        t1_0.id,
        t1_0.completed,
        t1_0.created_at,
        t1_0.description,
        t1_0.due_date,
        t1_0.note_id,
        t1_0.priority,
        t1_0.title,
        t1_0.user_id,
        u1_0.id,
        u1_0.email,
        u1_0.full_name,
        u1_0.password 
    from
        todos t1_0 
    join
        users u1_0 
            on u1_0.id=t1_0.user_id 
    where
        t1_0.due_date between ? and ? 
        and t1_0.completed=false
2026-05-07T21:09:49.160+05:30 ERROR 2690 --- [org.springframework.kafka.KafkaListenerEndpointContainer#1-0-C-1] c.s.s.kafka.TodoEventConsumer            : 🔴 OVERDUE: 'Seperate Logs' for test@test.com
2026-05-07T21:10:49.139+05:30 DEBUG 2690 --- [scheduling-1] org.hibernate.SQL                        : 
    select
        t1_0.id,
        t1_0.completed,
        t1_0.created_at,
        t1_0.description,
        t1_0.due_date,
        t1_0.note_id,
        t1_0.priority,
        t1_0.title,
        t1_0.user_id,
        u1_0.id,
        u1_0.email,
        u1_0.full_name,
        u1_0.password 
    from
        todos t1_0 
    join
        users u1_0 
            on u1_0.id=t1_0.user_id 
    where
        t1_0.due_date<? 
        and t1_0.completed=false
2026-05-07T21:10:49.146+05:30  INFO 2690 --- [scheduling-1] c.s.s.kafka.TodoDeadlineScheduler        : Overdue event fired for todo: 'Seperate Logs'
2026-05-07T21:10:49.148+05:30 DEBUG 2690 --- [scheduling-1] org.hibernate.SQL                        : 
    select
        t1_0.id,
        t1_0.completed,
        t1_0.created_at,
        t1_0.description,
        t1_0.due_date,
        t1_0.note_id,
        t1_0.priority,
        t1_0.title,
        t1_0.user_id,
        u1_0.id,
        u1_0.email,
        u1_0.full_name,
        u1_0.password 
    from
        todos t1_0 
    join
        users u1_0 
            on u1_0.id=t1_0.user_id 
    where
        t1_0.due_date between ? and ? 
        and t1_0.completed=false
2026-05-07T21:10:49.162+05:30 ERROR 2690 --- [org.springframework.kafka.KafkaListenerEndpointContainer#1-0-C-1] c.s.s.kafka.TodoEventConsumer            : 🔴 OVERDUE: 'Seperate Logs' for test@test.com
2026-05-07T21:11:49.141+05:30 DEBUG 2690 --- [scheduling-1] org.hibernate.SQL                        : 
    select
        t1_0.id,
        t1_0.completed,
        t1_0.created_at,
        t1_0.description,
        t1_0.due_date,
        t1_0.note_id,
        t1_0.priority,
        t1_0.title,
        t1_0.user_id,
        u1_0.id,
        u1_0.email,
        u1_0.full_name,
        u1_0.password 
    from
        todos t1_0 
    join
        users u1_0 
            on u1_0.id=t1_0.user_id 
    where
        t1_0.due_date<? 
        and t1_0.completed=false
2026-05-07T21:11:49.148+05:30  INFO 2690 --- [scheduling-1] c.s.s.kafka.TodoDeadlineScheduler        : Overdue event fired for todo: 'Seperate Logs'
2026-05-07T21:11:49.149+05:30 DEBUG 2690 --- [scheduling-1] org.hibernate.SQL                        : 
    select
        t1_0.id,
        t1_0.completed,
        t1_0.created_at,
        t1_0.description,
        t1_0.due_date,
        t1_0.note_id,
        t1_0.priority,
        t1_0.title,
        t1_0.user_id,
        u1_0.id,
        u1_0.email,
        u1_0.full_name,
        u1_0.password 
    from
        todos t1_0 
    join
        users u1_0 
            on u1_0.id=t1_0.user_id 
    where
        t1_0.due_date between ? and ? 
        and t1_0.completed=false
2026-05-07T21:11:49.160+05:30 ERROR 2690 --- [org.springframework.kafka.KafkaListenerEndpointContainer#1-0-C-1] c.s.s.kafka.TodoEventConsumer            : 🔴 OVERDUE: 'Seperate Logs' for test@test.com
2026-05-07T21:12:49.143+05:30 DEBUG 2690 --- [scheduling-1] org.hibernate.SQL                        : 
    select
        t1_0.id,
        t1_0.completed,
        t1_0.created_at,
        t1_0.description,
        t1_0.due_date,
        t1_0.note_id,
        t1_0.priority,
        t1_0.title,
        t1_0.user_id,
        u1_0.id,
        u1_0.email,
        u1_0.full_name,
        u1_0.password 
    from
        todos t1_0 
    join
        users u1_0 
            on u1_0.id=t1_0.user_id 
    where
        t1_0.due_date<? 
        and t1_0.completed=false
2026-05-07T21:12:49.150+05:30  INFO 2690 --- [scheduling-1] c.s.s.kafka.TodoDeadlineScheduler        : Overdue event fired for todo: 'Seperate Logs'
2026-05-07T21:12:49.151+05:30 DEBUG 2690 --- [scheduling-1] org.hibernate.SQL                        : 
    select
        t1_0.id,
        t1_0.completed,
        t1_0.created_at,
        t1_0.description,
        t1_0.due_date,
        t1_0.note_id,
        t1_0.priority,
        t1_0.title,
        t1_0.user_id,
        u1_0.id,
        u1_0.email,
        u1_0.full_name,
        u1_0.password 
    from
        todos t1_0 
    join
        users u1_0 
            on u1_0.id=t1_0.user_id 
    where
        t1_0.due_date between ? and ? 
        and t1_0.completed=false
2026-05-07T21:12:49.161+05:30 ERROR 2690 --- [org.springframework.kafka.KafkaListenerEndpointContainer#1-0-C-1] c.s.s.kafka.TodoEventConsumer            : 🔴 OVERDUE: 'Seperate Logs' for test@test.com
2026-05-07T21:14:16.434+05:30  INFO 2690 --- [kafka-coordinator-heartbeat-thread | smartnotes-group] o.a.k.c.c.internals.ConsumerCoordinator  : [Consumer clientId=consumer-smartnotes-group-1, groupId=smartnotes-group] Group coordinator localhost:9092 (id: 2147483646 rack: null isFenced: false) is unavailable or invalid due to cause: session timed out without receiving a heartbeat response. isDisconnected: false. Rediscovery will be attempted.
2026-05-07T21:14:16.472+05:30  INFO 2690 --- [kafka-coordinator-heartbeat-thread | smartnotes-group] o.a.k.c.c.internals.ConsumerCoordinator  : [Consumer clientId=consumer-smartnotes-group-2, groupId=smartnotes-group] Group coordinator localhost:9092 (id: 2147483646 rack: null isFenced: false) is unavailable or invalid due to cause: session timed out without receiving a heartbeat response. isDisconnected: false. Rediscovery will be attempted.
2026-05-07T21:14:16.528+05:30  INFO 2690 --- [kafka-coordinator-heartbeat-thread | smartnotes-group] o.a.k.c.c.internals.ConsumerCoordinator  : [Consumer clientId=consumer-smartnotes-group-2, groupId=smartnotes-group] Requesting disconnect from last known coordinator localhost:9092 (id: 2147483646 rack: null isFenced: false)
2026-05-07T21:14:16.528+05:30  INFO 2690 --- [kafka-coordinator-heartbeat-thread | smartnotes-group] o.a.k.c.c.internals.ConsumerCoordinator  : [Consumer clientId=consumer-smartnotes-group-1, groupId=smartnotes-group] Requesting disconnect from last known coordinator localhost:9092 (id: 2147483646 rack: null isFenced: false)
2026-05-07T21:14:16.528+05:30  INFO 2690 --- [kafka-coordinator-heartbeat-thread | smartnotes-group] org.apache.kafka.clients.NetworkClient   : [Consumer clientId=consumer-smartnotes-group-2, groupId=smartnotes-group] Client requested disconnect from node 2147483646
2026-05-07T21:14:16.528+05:30  INFO 2690 --- [kafka-coordinator-heartbeat-thread | smartnotes-group] org.apache.kafka.clients.NetworkClient   : [Consumer clientId=consumer-smartnotes-group-1, groupId=smartnotes-group] Client requested disconnect from node 2147483646
2026-05-07T21:14:16.538+05:30  INFO 2690 --- [org.springframework.kafka.KafkaListenerEndpointContainer#0-0-C-1] o.a.k.c.c.internals.ConsumerCoordinator  : [Consumer clientId=consumer-smartnotes-group-1, groupId=smartnotes-group] Discovered group coordinator localhost:9092 (id: 2147483646 rack: null isFenced: false)
2026-05-07T21:14:16.538+05:30  INFO 2690 --- [org.springframework.kafka.KafkaListenerEndpointContainer#1-0-C-1] o.a.k.c.c.internals.ConsumerCoordinator  : [Consumer clientId=consumer-smartnotes-group-2, groupId=smartnotes-group] Discovered group coordinator localhost:9092 (id: 2147483646 rack: null isFenced: false)
2026-05-07T21:14:16.538+05:30  INFO 2690 --- [org.springframework.kafka.KafkaListenerEndpointContainer#1-0-C-1] o.a.k.c.c.internals.ConsumerCoordinator  : [Consumer clientId=consumer-smartnotes-group-2, groupId=smartnotes-group] Group coordinator localhost:9092 (id: 2147483646 rack: null isFenced: false) is unavailable or invalid due to cause: coordinator unavailable. isDisconnected: false. Rediscovery will be attempted.
2026-05-07T21:14:16.538+05:30  INFO 2690 --- [org.springframework.kafka.KafkaListenerEndpointContainer#1-0-C-1] o.a.k.c.c.internals.ConsumerCoordinator  : [Consumer clientId=consumer-smartnotes-group-2, groupId=smartnotes-group] Requesting disconnect from last known coordinator localhost:9092 (id: 2147483646 rack: null isFenced: false)
2026-05-07T21:14:16.538+05:30  INFO 2690 --- [org.springframework.kafka.KafkaListenerEndpointContainer#0-0-C-1] o.a.k.c.c.internals.ConsumerCoordinator  : [Consumer clientId=consumer-smartnotes-group-1, groupId=smartnotes-group] Group coordinator localhost:9092 (id: 2147483646 rack: null isFenced: false) is unavailable or invalid due to cause: coordinator unavailable. isDisconnected: false. Rediscovery will be attempted.
2026-05-07T21:14:16.538+05:30  INFO 2690 --- [org.springframework.kafka.KafkaListenerEndpointContainer#0-0-C-1] o.a.k.c.c.internals.ConsumerCoordinator  : [Consumer clientId=consumer-smartnotes-group-1, groupId=smartnotes-group] Requesting disconnect from last known coordinator localhost:9092 (id: 2147483646 rack: null isFenced: false)
2026-05-07T21:14:16.621+05:30  INFO 2690 --- [org.springframework.kafka.KafkaListenerEndpointContainer#1-0-C-1] o.a.k.c.c.internals.ConsumerCoordinator  : [Consumer clientId=consumer-smartnotes-group-2, groupId=smartnotes-group] Discovered group coordinator localhost:9092 (id: 2147483646 rack: null isFenced: false)
2026-05-07T21:14:16.657+05:30  INFO 2690 --- [org.springframework.kafka.KafkaListenerEndpointContainer#0-0-C-1] o.a.k.c.c.internals.ConsumerCoordinator  : [Consumer clientId=consumer-smartnotes-group-1, groupId=smartnotes-group] Discovered group coordinator localhost:9092 (id: 2147483646 rack: null isFenced: false)
2026-05-07T21:14:39.284+05:30  WARN 2690 --- [HikariPool-1:housekeeper] com.zaxxer.hikari.pool.HikariPool        : HikariPool-1 - Thread starvation or clock leap detected (housekeeper delta=1m21s97ms).
2026-05-07T21:14:40.233+05:30 DEBUG 2690 --- [scheduling-1] org.hibernate.SQL                        : 
    select
        t1_0.id,
        t1_0.completed,
        t1_0.created_at,
        t1_0.description,
        t1_0.due_date,
        t1_0.note_id,
        t1_0.priority,
        t1_0.title,
        t1_0.user_id,
        u1_0.id,
        u1_0.email,
        u1_0.full_name,
        u1_0.password 
    from
        todos t1_0 
    join
        users u1_0 
            on u1_0.id=t1_0.user_id 
    where
        t1_0.due_date<? 
        and t1_0.completed=false
2026-05-07T21:14:40.238+05:30  INFO 2690 --- [scheduling-1] c.s.s.kafka.TodoDeadlineScheduler        : Overdue event fired for todo: 'Seperate Logs'
2026-05-07T21:14:40.240+05:30 DEBUG 2690 --- [scheduling-1] org.hibernate.SQL                        : 
    select
        t1_0.id,
        t1_0.completed,
        t1_0.created_at,
        t1_0.description,
        t1_0.due_date,
        t1_0.note_id,
        t1_0.priority,
        t1_0.title,
        t1_0.user_id,
        u1_0.id,
        u1_0.email,
        u1_0.full_name,
        u1_0.password 
    from
        todos t1_0 
    join
        users u1_0 
            on u1_0.id=t1_0.user_id 
    where
        t1_0.due_date between ? and ? 
        and t1_0.completed=false
2026-05-07T21:14:40.255+05:30 ERROR 2690 --- [org.springframework.kafka.KafkaListenerEndpointContainer#1-0-C-1] c.s.s.kafka.TodoEventConsumer            : 🔴 OVERDUE: 'Seperate Logs' for test@test.com
2026-05-07T21:15:37.942+05:30 ERROR 2690 --- [http-nio-8080-exec-1] o.a.c.c.C.[.[.[/].[dispatcherServlet]    : Servlet.service() for servlet [dispatcherServlet] in context with path [] threw exception

io.jsonwebtoken.ExpiredJwtException: JWT expired 775733938 milliseconds ago at 2026-04-28T16:16:44.000Z. Current time: 2026-05-07T15:45:37.938Z. Allowed clock skew: 0 milliseconds.
	at io.jsonwebtoken.impl.DefaultJwtParser.parse(DefaultJwtParser.java:691) ~[jjwt-impl-0.12.6.jar:0.12.6]
	at io.jsonwebtoken.impl.DefaultJwtParser.parse(DefaultJwtParser.java:364) ~[jjwt-impl-0.12.6.jar:0.12.6]
	at io.jsonwebtoken.impl.DefaultJwtParser.parse(DefaultJwtParser.java:94) ~[jjwt-impl-0.12.6.jar:0.12.6]
	at io.jsonwebtoken.impl.io.AbstractParser.parse(AbstractParser.java:36) ~[jjwt-impl-0.12.6.jar:0.12.6]
	at io.jsonwebtoken.impl.io.AbstractParser.parse(AbstractParser.java:29) ~[jjwt-impl-0.12.6.jar:0.12.6]
	at io.jsonwebtoken.impl.DefaultJwtParser.parseSignedClaims(DefaultJwtParser.java:830) ~[jjwt-impl-0.12.6.jar:0.12.6]
	at com.smartnotes.smartnotes_backend.config.JwtService.extractEmail(JwtService.java:37) ~[classes/:na]
	at com.smartnotes.smartnotes_backend.config.JwtAuthFilter.doFilterInternal(JwtAuthFilter.java:34) ~[classes/:na]
	at org.springframework.web.filter.OncePerRequestFilter.doFilter(OncePerRequestFilter.java:116) ~[spring-web-7.0.7.jar:7.0.7]
	at org.springframework.security.web.ObservationFilterChainDecorator$ObservationFilter.wrapFilter(ObservationFilterChainDecorator.java:244) ~[spring-security-web-7.0.5.jar:7.0.5]
	at org.springframework.security.web.ObservationFilterChainDecorator$ObservationFilter.doFilter(ObservationFilterChainDecorator.java:231) ~[spring-security-web-7.0.5.jar:7.0.5]
	at org.springframework.security.web.ObservationFilterChainDecorator$VirtualFilterChain.doFilter(ObservationFilterChainDecorator.java:141) ~[spring-security-web-7.0.5.jar:7.0.5]
	at org.springframework.security.web.authentication.logout.LogoutFilter.doFilter(LogoutFilter.java:110) ~[spring-security-web-7.0.5.jar:7.0.5]
	at org.springframework.security.web.authentication.logout.LogoutFilter.doFilter(LogoutFilter.java:96) ~[spring-security-web-7.0.5.jar:7.0.5]
	at org.springframework.security.web.ObservationFilterChainDecorator$ObservationFilter.wrapFilter(ObservationFilterChainDecorator.java:244) ~[spring-security-web-7.0.5.jar:7.0.5]
	at org.springframework.security.web.ObservationFilterChainDecorator$ObservationFilter.doFilter(ObservationFilterChainDecorator.java:231) ~[spring-security-web-7.0.5.jar:7.0.5]
	at org.springframework.security.web.ObservationFilterChainDecorator$VirtualFilterChain.doFilter(ObservationFilterChainDecorator.java:141) ~[spring-security-web-7.0.5.jar:7.0.5]
	at org.springframework.web.filter.CorsFilter.doFilterInternal(CorsFilter.java:91) ~[spring-web-7.0.7.jar:7.0.7]
	at org.springframework.web.filter.OncePerRequestFilter.doFilter(OncePerRequestFilter.java:116) ~[spring-web-7.0.7.jar:7.0.7]
	at org.springframework.security.web.ObservationFilterChainDecorator$ObservationFilter.wrapFilter(ObservationFilterChainDecorator.java:244) ~[spring-security-web-7.0.5.jar:7.0.5]
	at org.springframework.security.web.ObservationFilterChainDecorator$ObservationFilter.doFilter(ObservationFilterChainDecorator.java:231) ~[spring-security-web-7.0.5.jar:7.0.5]
	at org.springframework.security.web.ObservationFilterChainDecorator$VirtualFilterChain.doFilter(ObservationFilterChainDecorator.java:141) ~[spring-security-web-7.0.5.jar:7.0.5]
	at org.springframework.security.web.header.HeaderWriterFilter.doHeadersAfter(HeaderWriterFilter.java:90) ~[spring-security-web-7.0.5.jar:7.0.5]
	at org.springframework.security.web.header.HeaderWriterFilter.doFilterInternal(HeaderWriterFilter.java:75) ~[spring-security-web-7.0.5.jar:7.0.5]
	at org.springframework.web.filter.OncePerRequestFilter.doFilter(OncePerRequestFilter.java:116) ~[spring-web-7.0.7.jar:7.0.7]
	at org.springframework.security.web.ObservationFilterChainDecorator$ObservationFilter.wrapFilter(ObservationFilterChainDecorator.java:244) ~[spring-security-web-7.0.5.jar:7.0.5]
	at org.springframework.security.web.ObservationFilterChainDecorator$ObservationFilter.doFilter(ObservationFilterChainDecorator.java:231) ~[spring-security-web-7.0.5.jar:7.0.5]
	at org.springframework.security.web.ObservationFilterChainDecorator$VirtualFilterChain.doFilter(ObservationFilterChainDecorator.java:141) ~[spring-security-web-7.0.5.jar:7.0.5]
	at org.springframework.security.web.context.SecurityContextHolderFilter.doFilter(SecurityContextHolderFilter.java:82) ~[spring-security-web-7.0.5.jar:7.0.5]
	at org.springframework.security.web.context.SecurityContextHolderFilter.doFilter(SecurityContextHolderFilter.java:69) ~[spring-security-web-7.0.5.jar:7.0.5]
	at org.springframework.security.web.ObservationFilterChainDecorator$ObservationFilter.wrapFilter(ObservationFilterChainDecorator.java:244) ~[spring-security-web-7.0.5.jar:7.0.5]
	at org.springframework.security.web.ObservationFilterChainDecorator$ObservationFilter.doFilter(ObservationFilterChainDecorator.java:231) ~[spring-security-web-7.0.5.jar:7.0.5]
	at org.springframework.security.web.ObservationFilterChainDecorator$VirtualFilterChain.doFilter(ObservationFilterChainDecorator.java:141) ~[spring-security-web-7.0.5.jar:7.0.5]
	at org.springframework.security.web.context.request.async.WebAsyncManagerIntegrationFilter.doFilterInternal(WebAsyncManagerIntegrationFilter.java:62) ~[spring-security-web-7.0.5.jar:7.0.5]
	at org.springframework.web.filter.OncePerRequestFilter.doFilter(OncePerRequestFilter.java:116) ~[spring-web-7.0.7.jar:7.0.7]
	at org.springframework.security.web.ObservationFilterChainDecorator$ObservationFilter.wrapFilter(ObservationFilterChainDecorator.java:244) ~[spring-security-web-7.0.5.jar:7.0.5]
	at org.springframework.security.web.ObservationFilterChainDecorator$ObservationFilter.doFilter(ObservationFilterChainDecorator.java:231) ~[spring-security-web-7.0.5.jar:7.0.5]
	at org.springframework.security.web.ObservationFilterChainDecorator$VirtualFilterChain.doFilter(ObservationFilterChainDecorator.java:141) ~[spring-security-web-7.0.5.jar:7.0.5]
	at org.springframework.security.web.session.DisableEncodeUrlFilter.doFilterInternal(DisableEncodeUrlFilter.java:42) ~[spring-security-web-7.0.5.jar:7.0.5]
	at org.springframework.web.filter.OncePerRequestFilter.doFilter(OncePerRequestFilter.java:116) ~[spring-web-7.0.7.jar:7.0.7]
	at org.springframework.security.web.ObservationFilterChainDecorator$ObservationFilter.wrapFilter(ObservationFilterChainDecorator.java:244) ~[spring-security-web-7.0.5.jar:7.0.5]
	at org.springframework.security.web.ObservationFilterChainDecorator$AroundFilterObservation$SimpleAroundFilterObservation.lambda$wrap$0(ObservationFilterChainDecorator.java:337) ~[spring-security-web-7.0.5.jar:7.0.5]
	at org.springframework.security.web.ObservationFilterChainDecorator$ObservationFilter.doFilter(ObservationFilterChainDecorator.java:228) ~[spring-security-web-7.0.5.jar:7.0.5]
	at org.springframework.security.web.ObservationFilterChainDecorator$VirtualFilterChain.doFilter(ObservationFilterChainDecorator.java:141) ~[spring-security-web-7.0.5.jar:7.0.5]
	at org.springframework.security.web.FilterChainProxy.doFilterInternal(FilterChainProxy.java:237) ~[spring-security-web-7.0.5.jar:7.0.5]
	at org.springframework.security.web.FilterChainProxy.doFilter(FilterChainProxy.java:195) ~[spring-security-web-7.0.5.jar:7.0.5]
	at org.springframework.web.filter.CompositeFilter$VirtualFilterChain.doFilter(CompositeFilter.java:113) ~[spring-web-7.0.7.jar:7.0.7]
	at org.springframework.web.filter.ServletRequestPathFilter.doFilter(ServletRequestPathFilter.java:52) ~[spring-web-7.0.7.jar:7.0.7]
	at org.springframework.web.filter.CompositeFilter$VirtualFilterChain.doFilter(CompositeFilter.java:113) ~[spring-web-7.0.7.jar:7.0.7]
	at org.springframework.web.filter.CompositeFilter.doFilter(CompositeFilter.java:74) ~[spring-web-7.0.7.jar:7.0.7]
	at org.springframework.security.config.annotation.web.configuration.WebSecurityConfiguration$CompositeFilterChainProxy.doFilter(WebSecurityConfiguration.java:317) ~[spring-security-config-7.0.5.jar:7.0.5]
	at org.springframework.web.filter.DelegatingFilterProxy.invokeDelegate(DelegatingFilterProxy.java:355) ~[spring-web-7.0.7.jar:7.0.7]
	at org.springframework.web.filter.DelegatingFilterProxy.doFilter(DelegatingFilterProxy.java:272) ~[spring-web-7.0.7.jar:7.0.7]
	at org.apache.catalina.core.ApplicationFilterChain.doFilter(ApplicationFilterChain.java:107) ~[tomcat-embed-core-11.0.21.jar:11.0.21]
	at org.springframework.web.filter.RequestContextFilter.doFilterInternal(RequestContextFilter.java:100) ~[spring-web-7.0.7.jar:7.0.7]
	at org.springframework.web.filter.OncePerRequestFilter.doFilter(OncePerRequestFilter.java:116) ~[spring-web-7.0.7.jar:7.0.7]
	at org.apache.catalina.core.ApplicationFilterChain.doFilter(ApplicationFilterChain.java:107) ~[tomcat-embed-core-11.0.21.jar:11.0.21]
	at org.springframework.web.filter.FormContentFilter.doFilterInternal(FormContentFilter.java:93) ~[spring-web-7.0.7.jar:7.0.7]
	at org.springframework.web.filter.OncePerRequestFilter.doFilter(OncePerRequestFilter.java:116) ~[spring-web-7.0.7.jar:7.0.7]
	at org.apache.catalina.core.ApplicationFilterChain.doFilter(ApplicationFilterChain.java:107) ~[tomcat-embed-core-11.0.21.jar:11.0.21]
	at org.springframework.web.filter.ServerHttpObservationFilter.doFilterInternal(ServerHttpObservationFilter.java:110) ~[spring-web-7.0.7.jar:7.0.7]
	at org.springframework.web.filter.OncePerRequestFilter.doFilter(OncePerRequestFilter.java:116) ~[spring-web-7.0.7.jar:7.0.7]
	at org.apache.catalina.core.ApplicationFilterChain.doFilter(ApplicationFilterChain.java:107) ~[tomcat-embed-core-11.0.21.jar:11.0.21]
	at org.springframework.web.filter.CharacterEncodingFilter.doFilterInternal(CharacterEncodingFilter.java:199) ~[spring-web-7.0.7.jar:7.0.7]
	at org.springframework.web.filter.OncePerRequestFilter.doFilter(OncePerRequestFilter.java:116) ~[spring-web-7.0.7.jar:7.0.7]
	at org.apache.catalina.core.ApplicationFilterChain.doFilter(ApplicationFilterChain.java:107) ~[tomcat-embed-core-11.0.21.jar:11.0.21]
	at org.apache.catalina.core.StandardWrapperValve.invoke(StandardWrapperValve.java:165) ~[tomcat-embed-core-11.0.21.jar:11.0.21]
	at org.apache.catalina.core.StandardContextValve.invoke(StandardContextValve.java:77) ~[tomcat-embed-core-11.0.21.jar:11.0.21]
	at org.apache.catalina.authenticator.AuthenticatorBase.invoke(AuthenticatorBase.java:492) ~[tomcat-embed-core-11.0.21.jar:11.0.21]
	at org.apache.catalina.core.StandardHostValve.invoke(StandardHostValve.java:113) ~[tomcat-embed-core-11.0.21.jar:11.0.21]
	at org.apache.catalina.valves.ErrorReportValve.invoke(ErrorReportValve.java:83) ~[tomcat-embed-core-11.0.21.jar:11.0.21]
	at org.apache.catalina.core.StandardEngineValve.invoke(StandardEngineValve.java:72) ~[tomcat-embed-core-11.0.21.jar:11.0.21]
	at org.apache.catalina.connector.CoyoteAdapter.service(CoyoteAdapter.java:341) ~[tomcat-embed-core-11.0.21.jar:11.0.21]
	at org.apache.coyote.http11.Http11Processor.service(Http11Processor.java:397) ~[tomcat-embed-core-11.0.21.jar:11.0.21]
	at org.apache.coyote.AbstractProcessorLight.process(AbstractProcessorLight.java:63) ~[tomcat-embed-core-11.0.21.jar:11.0.21]
	at org.apache.coyote.AbstractProtocol$ConnectionHandler.process(AbstractProtocol.java:903) ~[tomcat-embed-core-11.0.21.jar:11.0.21]
	at org.apache.tomcat.util.net.NioEndpoint$SocketProcessor.doRun(NioEndpoint.java:1801) ~[tomcat-embed-core-11.0.21.jar:11.0.21]
	at org.apache.tomcat.util.net.SocketProcessorBase.run(SocketProcessorBase.java:52) ~[tomcat-embed-core-11.0.21.jar:11.0.21]
	at org.apache.tomcat.util.threads.ThreadPoolExecutor.runWorker(ThreadPoolExecutor.java:946) ~[tomcat-embed-core-11.0.21.jar:11.0.21]
	at org.apache.tomcat.util.threads.ThreadPoolExecutor$Worker.run(ThreadPoolExecutor.java:480) ~[tomcat-embed-core-11.0.21.jar:11.0.21]
	at org.apache.tomcat.util.threads.TaskThread$WrappingRunnable.run(TaskThread.java:57) ~[tomcat-embed-core-11.0.21.jar:11.0.21]
	at java.base/java.lang.Thread.run(Thread.java:1516) ~[na:na]

2026-05-07T21:15:40.240+05:30 DEBUG 2690 --- [scheduling-1] org.hibernate.SQL                        : 
    select
        t1_0.id,
        t1_0.completed,
        t1_0.created_at,
        t1_0.description,
        t1_0.due_date,
        t1_0.note_id,
        t1_0.priority,
        t1_0.title,
        t1_0.user_id,
        u1_0.id,
        u1_0.email,
        u1_0.full_name,
        u1_0.password 
    from
        todos t1_0 
    join
        users u1_0 
            on u1_0.id=t1_0.user_id 
    where
        t1_0.due_date<? 
        and t1_0.completed=false
2026-05-07T21:15:40.248+05:30  INFO 2690 --- [scheduling-1] c.s.s.kafka.TodoDeadlineScheduler        : Overdue event fired for todo: 'Seperate Logs'
2026-05-07T21:15:40.249+05:30 DEBUG 2690 --- [scheduling-1] org.hibernate.SQL                        : 
    select
        t1_0.id,
        t1_0.completed,
        t1_0.created_at,
        t1_0.description,
        t1_0.due_date,
        t1_0.note_id,
        t1_0.priority,
        t1_0.title,
        t1_0.user_id,
        u1_0.id,
        u1_0.email,
        u1_0.full_name,
        u1_0.password 
    from
        todos t1_0 
    join
        users u1_0 
            on u1_0.id=t1_0.user_id 
    where
        t1_0.due_date between ? and ? 
        and t1_0.completed=false
2026-05-07T21:15:40.263+05:30 ERROR 2690 --- [org.springframework.kafka.KafkaListenerEndpointContainer#1-0-C-1] c.s.s.kafka.TodoEventConsumer            : 🔴 OVERDUE: 'Seperate Logs' for test@test.com
2026-05-07T21:15:47.852+05:30 DEBUG 2690 --- [http-nio-8080-exec-4] org.hibernate.SQL                        : 
    select
        u1_0.id,
        u1_0.email,
        u1_0.full_name,
        u1_0.password 
    from
        users u1_0 
    where
        u1_0.email=?
2026-05-07T21:15:47.881+05:30 DEBUG 2690 --- [http-nio-8080-exec-4] org.hibernate.SQL                        : 
    select
        n1_0.id,
        n1_0.ai_follow_up,
        n1_0.ai_summary,
        n1_0.content,
        n1_0.created_at,
        n1_0.title,
        n1_0.updated_at,
        n1_0.user_id 
    from
        notes n1_0 
    where
        n1_0.id=? 
        and n1_0.user_id=?
2026-05-07T21:15:47.890+05:30 ERROR 2690 --- [http-nio-8080-exec-4] o.a.c.c.C.[.[.[/].[dispatcherServlet]    : Servlet.service() for servlet [dispatcherServlet] in context with path [] threw exception [Request processing failed: java.lang.RuntimeException: Note not found] with root cause

java.lang.RuntimeException: Note not found
	at com.smartnotes.smartnotes_backend.service.NoteService.lambda$getOne$0(NoteService.java:54) ~[classes/:na]
	at java.base/java.util.Optional.orElseThrow(Optional.java:407) ~[na:na]
	at com.smartnotes.smartnotes_backend.service.NoteService.getOne(NoteService.java:54) ~[classes/:na]
	at com.smartnotes.smartnotes_backend.controller.NoteController.getOne(NoteController.java:40) ~[classes/:na]
	at java.base/jdk.internal.reflect.DirectMethodHandleAccessor.invoke(DirectMethodHandleAccessor.java:104) ~[na:na]
	at java.base/java.lang.reflect.Method.invoke(Method.java:565) ~[na:na]
	at org.springframework.web.method.support.InvocableHandlerMethod.doInvoke(InvocableHandlerMethod.java:252) ~[spring-web-7.0.7.jar:7.0.7]
	at org.springframework.web.method.support.InvocableHandlerMethod.invokeForRequest(InvocableHandlerMethod.java:184) ~[spring-web-7.0.7.jar:7.0.7]
	at org.springframework.web.servlet.mvc.method.annotation.ServletInvocableHandlerMethod.invokeAndHandle(ServletInvocableHandlerMethod.java:117) ~[spring-webmvc-7.0.7.jar:7.0.7]
	at org.springframework.web.servlet.mvc.method.annotation.RequestMappingHandlerAdapter.invokeHandlerMethod(RequestMappingHandlerAdapter.java:934) ~[spring-webmvc-7.0.7.jar:7.0.7]
	at org.springframework.web.servlet.mvc.method.annotation.RequestMappingHandlerAdapter.handleInternal(RequestMappingHandlerAdapter.java:853) ~[spring-webmvc-7.0.7.jar:7.0.7]
	at org.springframework.web.servlet.mvc.method.AbstractHandlerMethodAdapter.handle(AbstractHandlerMethodAdapter.java:86) ~[spring-webmvc-7.0.7.jar:7.0.7]
	at org.springframework.web.servlet.DispatcherServlet.doDispatch(DispatcherServlet.java:963) ~[spring-webmvc-7.0.7.jar:7.0.7]
	at org.springframework.web.servlet.DispatcherServlet.doService(DispatcherServlet.java:866) ~[spring-webmvc-7.0.7.jar:7.0.7]
	at org.springframework.web.servlet.FrameworkServlet.processRequest(FrameworkServlet.java:1000) ~[spring-webmvc-7.0.7.jar:7.0.7]
	at org.springframework.web.servlet.FrameworkServlet.doGet(FrameworkServlet.java:892) ~[spring-webmvc-7.0.7.jar:7.0.7]
	at jakarta.servlet.http.HttpServlet.service(HttpServlet.java:622) ~[tomcat-embed-core-11.0.21.jar:6.1]
	at org.springframework.web.servlet.FrameworkServlet.service(FrameworkServlet.java:874) ~[spring-webmvc-7.0.7.jar:7.0.7]
	at jakarta.servlet.http.HttpServlet.service(HttpServlet.java:710) ~[tomcat-embed-core-11.0.21.jar:6.1]
	at org.apache.catalina.core.ApplicationFilterChain.doFilter(ApplicationFilterChain.java:128) ~[tomcat-embed-core-11.0.21.jar:11.0.21]
	at org.apache.tomcat.websocket.server.WsFilter.doFilter(WsFilter.java:53) ~[tomcat-embed-websocket-11.0.21.jar:11.0.21]
	at org.apache.catalina.core.ApplicationFilterChain.doFilter(ApplicationFilterChain.java:107) ~[tomcat-embed-core-11.0.21.jar:11.0.21]
	at org.springframework.web.filter.OncePerRequestFilter.doFilter(OncePerRequestFilter.java:110) ~[spring-web-7.0.7.jar:7.0.7]
	at org.apache.catalina.core.ApplicationFilterChain.doFilter(ApplicationFilterChain.java:107) ~[tomcat-embed-core-11.0.21.jar:11.0.21]
	at org.springframework.web.filter.CompositeFilter$VirtualFilterChain.doFilter(CompositeFilter.java:108) ~[spring-web-7.0.7.jar:7.0.7]
	at org.springframework.security.web.FilterChainProxy.lambda$doFilterInternal$3(FilterChainProxy.java:235) ~[spring-security-web-7.0.5.jar:7.0.5]
	at org.springframework.security.web.ObservationFilterChainDecorator$FilterObservation$SimpleFilterObservation.lambda$wrap$1(ObservationFilterChainDecorator.java:493) ~[spring-security-web-7.0.5.jar:7.0.5]
	at org.springframework.security.web.ObservationFilterChainDecorator$AroundFilterObservation$SimpleAroundFilterObservation.lambda$wrap$1(ObservationFilterChainDecorator.java:354) ~[spring-security-web-7.0.5.jar:7.0.5]
	at org.springframework.security.web.ObservationFilterChainDecorator.lambda$wrapSecured$0(ObservationFilterChainDecorator.java:86) ~[spring-security-web-7.0.5.jar:7.0.5]
	at org.springframework.security.web.ObservationFilterChainDecorator$VirtualFilterChain.doFilter(ObservationFilterChainDecorator.java:132) ~[spring-security-web-7.0.5.jar:7.0.5]
	at org.springframework.security.web.access.intercept.AuthorizationFilter.doFilter(AuthorizationFilter.java:101) ~[spring-security-web-7.0.5.jar:7.0.5]
	at org.springframework.security.web.ObservationFilterChainDecorator$ObservationFilter.wrapFilter(ObservationFilterChainDecorator.java:244) ~[spring-security-web-7.0.5.jar:7.0.5]
	at org.springframework.security.web.ObservationFilterChainDecorator$ObservationFilter.doFilter(ObservationFilterChainDecorator.java:231) ~[spring-security-web-7.0.5.jar:7.0.5]
	at org.springframework.security.web.ObservationFilterChainDecorator$VirtualFilterChain.doFilter(ObservationFilterChainDecorator.java:141) ~[spring-security-web-7.0.5.jar:7.0.5]
	at org.springframework.security.web.access.ExceptionTranslationFilter.doFilter(ExceptionTranslationFilter.java:126) ~[spring-security-web-7.0.5.jar:7.0.5]
	at org.springframework.security.web.access.ExceptionTranslationFilter.doFilter(ExceptionTranslationFilter.java:120) ~[spring-security-web-7.0.5.jar:7.0.5]
	at org.springframework.security.web.ObservationFilterChainDecorator$ObservationFilter.wrapFilter(ObservationFilterChainDecorator.java:244) ~[spring-security-web-7.0.5.jar:7.0.5]
	at org.springframework.security.web.ObservationFilterChainDecorator$ObservationFilter.doFilter(ObservationFilterChainDecorator.java:231) ~[spring-security-web-7.0.5.jar:7.0.5]
	at org.springframework.security.web.ObservationFilterChainDecorator$VirtualFilterChain.doFilter(ObservationFilterChainDecorator.java:141) ~[spring-security-web-7.0.5.jar:7.0.5]
	at org.springframework.security.web.session.SessionManagementFilter.doFilter(SessionManagementFilter.java:132) ~[spring-security-web-7.0.5.jar:7.0.5]
	at org.springframework.security.web.session.SessionManagementFilter.doFilter(SessionManagementFilter.java:86) ~[spring-security-web-7.0.5.jar:7.0.5]
	at org.springframework.security.web.ObservationFilterChainDecorator$ObservationFilter.wrapFilter(ObservationFilterChainDecorator.java:244) ~[spring-security-web-7.0.5.jar:7.0.5]
	at org.springframework.security.web.ObservationFilterChainDecorator$ObservationFilter.doFilter(ObservationFilterChainDecorator.java:231) ~[spring-security-web-7.0.5.jar:7.0.5]
	at org.springframework.security.web.ObservationFilterChainDecorator$VirtualFilterChain.doFilter(ObservationFilterChainDecorator.java:141) ~[spring-security-web-7.0.5.jar:7.0.5]
	at org.springframework.security.web.authentication.AnonymousAuthenticationFilter.doFilter(AnonymousAuthenticationFilter.java:100) ~[spring-security-web-7.0.5.jar:7.0.5]
	at org.springframework.security.web.ObservationFilterChainDecorator$ObservationFilter.wrapFilter(ObservationFilterChainDecorator.java:244) ~[spring-security-web-7.0.5.jar:7.0.5]
	at org.springframework.security.web.ObservationFilterChainDecorator$ObservationFilter.doFilter(ObservationFilterChainDecorator.java:231) ~[spring-security-web-7.0.5.jar:7.0.5]
	at org.springframework.security.web.ObservationFilterChainDecorator$VirtualFilterChain.doFilter(ObservationFilterChainDecorator.java:141) ~[spring-security-web-7.0.5.jar:7.0.5]
	at org.springframework.security.web.servletapi.SecurityContextHolderAwareRequestFilter.doFilter(SecurityContextHolderAwareRequestFilter.java:181) ~[spring-security-web-7.0.5.jar:7.0.5]
	at org.springframework.security.web.ObservationFilterChainDecorator$ObservationFilter.wrapFilter(ObservationFilterChainDecorator.java:244) ~[spring-security-web-7.0.5.jar:7.0.5]
	at org.springframework.security.web.ObservationFilterChainDecorator$ObservationFilter.doFilter(ObservationFilterChainDecorator.java:231) ~[spring-security-web-7.0.5.jar:7.0.5]
	at org.springframework.security.web.ObservationFilterChainDecorator$VirtualFilterChain.doFilter(ObservationFilterChainDecorator.java:141) ~[spring-security-web-7.0.5.jar:7.0.5]
	at org.springframework.security.web.savedrequest.RequestCacheAwareFilter.doFilter(RequestCacheAwareFilter.java:63) ~[spring-security-web-7.0.5.jar:7.0.5]
	at org.springframework.security.web.ObservationFilterChainDecorator$ObservationFilter.wrapFilter(ObservationFilterChainDecorator.java:244) ~[spring-security-web-7.0.5.jar:7.0.5]
	at org.springframework.security.web.ObservationFilterChainDecorator$ObservationFilter.doFilter(ObservationFilterChainDecorator.java:231) ~[spring-security-web-7.0.5.jar:7.0.5]
	at org.springframework.security.web.ObservationFilterChainDecorator$VirtualFilterChain.doFilter(ObservationFilterChainDecorator.java:141) ~[spring-security-web-7.0.5.jar:7.0.5]
	at com.smartnotes.smartnotes_backend.config.JwtAuthFilter.doFilterInternal(JwtAuthFilter.java:43) ~[classes/:na]
	at org.springframework.web.filter.OncePerRequestFilter.doFilter(OncePerRequestFilter.java:116) ~[spring-web-7.0.7.jar:7.0.7]
	at org.springframework.security.web.ObservationFilterChainDecorator$ObservationFilter.wrapFilter(ObservationFilterChainDecorator.java:244) ~[spring-security-web-7.0.5.jar:7.0.5]
	at org.springframework.security.web.ObservationFilterChainDecorator$ObservationFilter.doFilter(ObservationFilterChainDecorator.java:231) ~[spring-security-web-7.0.5.jar:7.0.5]
	at org.springframework.security.web.ObservationFilterChainDecorator$VirtualFilterChain.doFilter(ObservationFilterChainDecorator.java:141) ~[spring-security-web-7.0.5.jar:7.0.5]
	at org.springframework.security.web.authentication.logout.LogoutFilter.doFilter(LogoutFilter.java:110) ~[spring-security-web-7.0.5.jar:7.0.5]
	at org.springframework.security.web.authentication.logout.LogoutFilter.doFilter(LogoutFilter.java:96) ~[spring-security-web-7.0.5.jar:7.0.5]
	at org.springframework.security.web.ObservationFilterChainDecorator$ObservationFilter.wrapFilter(ObservationFilterChainDecorator.java:244) ~[spring-security-web-7.0.5.jar:7.0.5]
	at org.springframework.security.web.ObservationFilterChainDecorator$ObservationFilter.doFilter(ObservationFilterChainDecorator.java:231) ~[spring-security-web-7.0.5.jar:7.0.5]
	at org.springframework.security.web.ObservationFilterChainDecorator$VirtualFilterChain.doFilter(ObservationFilterChainDecorator.java:141) ~[spring-security-web-7.0.5.jar:7.0.5]
	at org.springframework.web.filter.CorsFilter.doFilterInternal(CorsFilter.java:91) ~[spring-web-7.0.7.jar:7.0.7]
	at org.springframework.web.filter.OncePerRequestFilter.doFilter(OncePerRequestFilter.java:116) ~[spring-web-7.0.7.jar:7.0.7]
	at org.springframework.security.web.ObservationFilterChainDecorator$ObservationFilter.wrapFilter(ObservationFilterChainDecorator.java:244) ~[spring-security-web-7.0.5.jar:7.0.5]
	at org.springframework.security.web.ObservationFilterChainDecorator$ObservationFilter.doFilter(ObservationFilterChainDecorator.java:231) ~[spring-security-web-7.0.5.jar:7.0.5]
	at org.springframework.security.web.ObservationFilterChainDecorator$VirtualFilterChain.doFilter(ObservationFilterChainDecorator.java:141) ~[spring-security-web-7.0.5.jar:7.0.5]
	at org.springframework.security.web.header.HeaderWriterFilter.doHeadersAfter(HeaderWriterFilter.java:90) ~[spring-security-web-7.0.5.jar:7.0.5]
	at org.springframework.security.web.header.HeaderWriterFilter.doFilterInternal(HeaderWriterFilter.java:75) ~[spring-security-web-7.0.5.jar:7.0.5]
	at org.springframework.web.filter.OncePerRequestFilter.doFilter(OncePerRequestFilter.java:116) ~[spring-web-7.0.7.jar:7.0.7]
	at org.springframework.security.web.ObservationFilterChainDecorator$ObservationFilter.wrapFilter(ObservationFilterChainDecorator.java:244) ~[spring-security-web-7.0.5.jar:7.0.5]
	at org.springframework.security.web.ObservationFilterChainDecorator$ObservationFilter.doFilter(ObservationFilterChainDecorator.java:231) ~[spring-security-web-7.0.5.jar:7.0.5]
	at org.springframework.security.web.ObservationFilterChainDecorator$VirtualFilterChain.doFilter(ObservationFilterChainDecorator.java:141) ~[spring-security-web-7.0.5.jar:7.0.5]
	at org.springframework.security.web.context.SecurityContextHolderFilter.doFilter(SecurityContextHolderFilter.java:82) ~[spring-security-web-7.0.5.jar:7.0.5]
	at org.springframework.security.web.context.SecurityContextHolderFilter.doFilter(SecurityContextHolderFilter.java:69) ~[spring-security-web-7.0.5.jar:7.0.5]
	at org.springframework.security.web.ObservationFilterChainDecorator$ObservationFilter.wrapFilter(ObservationFilterChainDecorator.java:244) ~[spring-security-web-7.0.5.jar:7.0.5]
	at org.springframework.security.web.ObservationFilterChainDecorator$ObservationFilter.doFilter(ObservationFilterChainDecorator.java:231) ~[spring-security-web-7.0.5.jar:7.0.5]
	at org.springframework.security.web.ObservationFilterChainDecorator$VirtualFilterChain.doFilter(ObservationFilterChainDecorator.java:141) ~[spring-security-web-7.0.5.jar:7.0.5]
	at org.springframework.security.web.context.request.async.WebAsyncManagerIntegrationFilter.doFilterInternal(WebAsyncManagerIntegrationFilter.java:62) ~[spring-security-web-7.0.5.jar:7.0.5]
	at org.springframework.web.filter.OncePerRequestFilter.doFilter(OncePerRequestFilter.java:116) ~[spring-web-7.0.7.jar:7.0.7]
	at org.springframework.security.web.ObservationFilterChainDecorator$ObservationFilter.wrapFilter(ObservationFilterChainDecorator.java:244) ~[spring-security-web-7.0.5.jar:7.0.5]
	at org.springframework.security.web.ObservationFilterChainDecorator$ObservationFilter.doFilter(ObservationFilterChainDecorator.java:231) ~[spring-security-web-7.0.5.jar:7.0.5]
	at org.springframework.security.web.ObservationFilterChainDecorator$VirtualFilterChain.doFilter(ObservationFilterChainDecorator.java:141) ~[spring-security-web-7.0.5.jar:7.0.5]
	at org.springframework.security.web.session.DisableEncodeUrlFilter.doFilterInternal(DisableEncodeUrlFilter.java:42) ~[spring-security-web-7.0.5.jar:7.0.5]
	at org.springframework.web.filter.OncePerRequestFilter.doFilter(OncePerRequestFilter.java:116) ~[spring-web-7.0.7.jar:7.0.7]
	at org.springframework.security.web.ObservationFilterChainDecorator$ObservationFilter.wrapFilter(ObservationFilterChainDecorator.java:244) ~[spring-security-web-7.0.5.jar:7.0.5]
	at org.springframework.security.web.ObservationFilterChainDecorator$AroundFilterObservation$SimpleAroundFilterObservation.lambda$wrap$0(ObservationFilterChainDecorator.java:337) ~[spring-security-web-7.0.5.jar:7.0.5]
	at org.springframework.security.web.ObservationFilterChainDecorator$ObservationFilter.doFilter(ObservationFilterChainDecorator.java:228) ~[spring-security-web-7.0.5.jar:7.0.5]
	at org.springframework.security.web.ObservationFilterChainDecorator$VirtualFilterChain.doFilter(ObservationFilterChainDecorator.java:141) ~[spring-security-web-7.0.5.jar:7.0.5]
	at org.springframework.security.web.FilterChainProxy.doFilterInternal(FilterChainProxy.java:237) ~[spring-security-web-7.0.5.jar:7.0.5]
	at org.springframework.security.web.FilterChainProxy.doFilter(FilterChainProxy.java:195) ~[spring-security-web-7.0.5.jar:7.0.5]
	at org.springframework.web.filter.CompositeFilter$VirtualFilterChain.doFilter(CompositeFilter.java:113) ~[spring-web-7.0.7.jar:7.0.7]
	at org.springframework.web.filter.ServletRequestPathFilter.doFilter(ServletRequestPathFilter.java:52) ~[spring-web-7.0.7.jar:7.0.7]
	at org.springframework.web.filter.CompositeFilter$VirtualFilterChain.doFilter(CompositeFilter.java:113) ~[spring-web-7.0.7.jar:7.0.7]
	at org.springframework.web.filter.CompositeFilter.doFilter(CompositeFilter.java:74) ~[spring-web-7.0.7.jar:7.0.7]
	at org.springframework.security.config.annotation.web.configuration.WebSecurityConfiguration$CompositeFilterChainProxy.doFilter(WebSecurityConfiguration.java:317) ~[spring-security-config-7.0.5.jar:7.0.5]
	at org.springframework.web.filter.DelegatingFilterProxy.invokeDelegate(DelegatingFilterProxy.java:355) ~[spring-web-7.0.7.jar:7.0.7]
	at org.springframework.web.filter.DelegatingFilterProxy.doFilter(DelegatingFilterProxy.java:272) ~[spring-web-7.0.7.jar:7.0.7]
	at org.apache.catalina.core.ApplicationFilterChain.doFilter(ApplicationFilterChain.java:107) ~[tomcat-embed-core-11.0.21.jar:11.0.21]
	at org.springframework.web.filter.RequestContextFilter.doFilterInternal(RequestContextFilter.java:100) ~[spring-web-7.0.7.jar:7.0.7]
	at org.springframework.web.filter.OncePerRequestFilter.doFilter(OncePerRequestFilter.java:116) ~[spring-web-7.0.7.jar:7.0.7]
	at org.apache.catalina.core.ApplicationFilterChain.doFilter(ApplicationFilterChain.java:107) ~[tomcat-embed-core-11.0.21.jar:11.0.21]
	at org.springframework.web.filter.FormContentFilter.doFilterInternal(FormContentFilter.java:93) ~[spring-web-7.0.7.jar:7.0.7]
	at org.springframework.web.filter.OncePerRequestFilter.doFilter(OncePerRequestFilter.java:116) ~[spring-web-7.0.7.jar:7.0.7]
	at org.apache.catalina.core.ApplicationFilterChain.doFilter(ApplicationFilterChain.java:107) ~[tomcat-embed-core-11.0.21.jar:11.0.21]
	at org.springframework.web.filter.ServerHttpObservationFilter.doFilterInternal(ServerHttpObservationFilter.java:110) ~[spring-web-7.0.7.jar:7.0.7]
	at org.springframework.web.filter.OncePerRequestFilter.doFilter(OncePerRequestFilter.java:116) ~[spring-web-7.0.7.jar:7.0.7]
	at org.apache.catalina.core.ApplicationFilterChain.doFilter(ApplicationFilterChain.java:107) ~[tomcat-embed-core-11.0.21.jar:11.0.21]
	at org.springframework.web.filter.CharacterEncodingFilter.doFilterInternal(CharacterEncodingFilter.java:199) ~[spring-web-7.0.7.jar:7.0.7]
	at org.springframework.web.filter.OncePerRequestFilter.doFilter(OncePerRequestFilter.java:116) ~[spring-web-7.0.7.jar:7.0.7]
	at org.apache.catalina.core.ApplicationFilterChain.doFilter(ApplicationFilterChain.java:107) ~[tomcat-embed-core-11.0.21.jar:11.0.21]
	at org.apache.catalina.core.StandardWrapperValve.invoke(StandardWrapperValve.java:165) ~[tomcat-embed-core-11.0.21.jar:11.0.21]
	at org.apache.catalina.core.StandardContextValve.invoke(StandardContextValve.java:77) ~[tomcat-embed-core-11.0.21.jar:11.0.21]
	at org.apache.catalina.authenticator.AuthenticatorBase.invoke(AuthenticatorBase.java:492) ~[tomcat-embed-core-11.0.21.jar:11.0.21]
	at org.apache.catalina.core.StandardHostValve.invoke(StandardHostValve.java:113) ~[tomcat-embed-core-11.0.21.jar:11.0.21]
	at org.apache.catalina.valves.ErrorReportValve.invoke(ErrorReportValve.java:83) ~[tomcat-embed-core-11.0.21.jar:11.0.21]
	at org.apache.catalina.core.StandardEngineValve.invoke(StandardEngineValve.java:72) ~[tomcat-embed-core-11.0.21.jar:11.0.21]
	at org.apache.catalina.connector.CoyoteAdapter.service(CoyoteAdapter.java:341) ~[tomcat-embed-core-11.0.21.jar:11.0.21]
	at org.apache.coyote.http11.Http11Processor.service(Http11Processor.java:397) ~[tomcat-embed-core-11.0.21.jar:11.0.21]
	at org.apache.coyote.AbstractProcessorLight.process(AbstractProcessorLight.java:63) ~[tomcat-embed-core-11.0.21.jar:11.0.21]
	at org.apache.coyote.AbstractProtocol$ConnectionHandler.process(AbstractProtocol.java:903) ~[tomcat-embed-core-11.0.21.jar:11.0.21]
	at org.apache.tomcat.util.net.NioEndpoint$SocketProcessor.doRun(NioEndpoint.java:1801) ~[tomcat-embed-core-11.0.21.jar:11.0.21]
	at org.apache.tomcat.util.net.SocketProcessorBase.run(SocketProcessorBase.java:52) ~[tomcat-embed-core-11.0.21.jar:11.0.21]
	at org.apache.tomcat.util.threads.ThreadPoolExecutor.runWorker(ThreadPoolExecutor.java:946) ~[tomcat-embed-core-11.0.21.jar:11.0.21]
	at org.apache.tomcat.util.threads.ThreadPoolExecutor$Worker.run(ThreadPoolExecutor.java:480) ~[tomcat-embed-core-11.0.21.jar:11.0.21]
	at org.apache.tomcat.util.threads.TaskThread$WrappingRunnable.run(TaskThread.java:57) ~[tomcat-embed-core-11.0.21.jar:11.0.21]
	at java.base/java.lang.Thread.run(Thread.java:1516) ~[na:na]

2026-05-07T21:31:38.035+05:30  INFO 2690 --- [kafka-coordinator-heartbeat-thread | smartnotes-group] o.a.k.c.c.internals.ConsumerCoordinator  : [Consumer clientId=consumer-smartnotes-group-1, groupId=smartnotes-group] Group coordinator localhost:9092 (id: 2147483646 rack: null isFenced: false) is unavailable or invalid due to cause: session timed out without receiving a heartbeat response. isDisconnected: false. Rediscovery will be attempted.
2026-05-07T21:31:38.035+05:30  INFO 2690 --- [kafka-coordinator-heartbeat-thread | smartnotes-group] o.a.k.c.c.internals.ConsumerCoordinator  : [Consumer clientId=consumer-smartnotes-group-2, groupId=smartnotes-group] Group coordinator localhost:9092 (id: 2147483646 rack: null isFenced: false) is unavailable or invalid due to cause: session timed out without receiving a heartbeat response. isDisconnected: false. Rediscovery will be attempted.
2026-05-07T21:31:38.179+05:30  INFO 2690 --- [kafka-coordinator-heartbeat-thread | smartnotes-group] o.a.k.c.c.internals.ConsumerCoordinator  : [Consumer clientId=consumer-smartnotes-group-2, groupId=smartnotes-group] Requesting disconnect from last known coordinator localhost:9092 (id: 2147483646 rack: null isFenced: false)
2026-05-07T21:31:38.179+05:30  INFO 2690 --- [kafka-coordinator-heartbeat-thread | smartnotes-group] org.apache.kafka.clients.NetworkClient   : [Consumer clientId=consumer-smartnotes-group-2, groupId=smartnotes-group] Client requested disconnect from node 2147483646
2026-05-07T21:31:38.179+05:30  INFO 2690 --- [kafka-coordinator-heartbeat-thread | smartnotes-group] o.a.k.c.c.internals.ConsumerCoordinator  : [Consumer clientId=consumer-smartnotes-group-1, groupId=smartnotes-group] Requesting disconnect from last known coordinator localhost:9092 (id: 2147483646 rack: null isFenced: false)
2026-05-07T21:31:38.180+05:30  INFO 2690 --- [kafka-coordinator-heartbeat-thread | smartnotes-group] org.apache.kafka.clients.NetworkClient   : [Consumer clientId=consumer-smartnotes-group-1, groupId=smartnotes-group] Client requested disconnect from node 2147483646
2026-05-07T21:31:38.186+05:30  INFO 2690 --- [org.springframework.kafka.KafkaListenerEndpointContainer#0-0-C-1] o.a.k.c.c.internals.ConsumerCoordinator  : [Consumer clientId=consumer-smartnotes-group-1, groupId=smartnotes-group] Discovered group coordinator localhost:9092 (id: 2147483646 rack: null isFenced: false)
2026-05-07T21:31:38.186+05:30  INFO 2690 --- [org.springframework.kafka.KafkaListenerEndpointContainer#1-0-C-1] o.a.k.c.c.internals.ConsumerCoordinator  : [Consumer clientId=consumer-smartnotes-group-2, groupId=smartnotes-group] Discovered group coordinator localhost:9092 (id: 2147483646 rack: null isFenced: false)
2026-05-07T21:31:38.186+05:30  INFO 2690 --- [org.springframework.kafka.KafkaListenerEndpointContainer#0-0-C-1] o.a.k.c.c.internals.ConsumerCoordinator  : [Consumer clientId=consumer-smartnotes-group-1, groupId=smartnotes-group] Group coordinator localhost:9092 (id: 2147483646 rack: null isFenced: false) is unavailable or invalid due to cause: coordinator unavailable. isDisconnected: false. Rediscovery will be attempted.
2026-05-07T21:31:38.186+05:30  INFO 2690 --- [org.springframework.kafka.KafkaListenerEndpointContainer#0-0-C-1] o.a.k.c.c.internals.ConsumerCoordinator  : [Consumer clientId=consumer-smartnotes-group-1, groupId=smartnotes-group] Requesting disconnect from last known coordinator localhost:9092 (id: 2147483646 rack: null isFenced: false)
2026-05-07T21:31:38.186+05:30  INFO 2690 --- [org.springframework.kafka.KafkaListenerEndpointContainer#1-0-C-1] o.a.k.c.c.internals.ConsumerCoordinator  : [Consumer clientId=consumer-smartnotes-group-2, groupId=smartnotes-group] Group coordinator localhost:9092 (id: 2147483646 rack: null isFenced: false) is unavailable or invalid due to cause: coordinator unavailable. isDisconnected: false. Rediscovery will be attempted.
2026-05-07T21:31:38.186+05:30  INFO 2690 --- [org.springframework.kafka.KafkaListenerEndpointContainer#1-0-C-1] o.a.k.c.c.internals.ConsumerCoordinator  : [Consumer clientId=consumer-smartnotes-group-2, groupId=smartnotes-group] Requesting disconnect from last known coordinator localhost:9092 (id: 2147483646 rack: null isFenced: false)
2026-05-07T21:31:38.300+05:30  INFO 2690 --- [org.springframework.kafka.KafkaListenerEndpointContainer#0-0-C-1] o.a.k.c.c.internals.ConsumerCoordinator  : [Consumer clientId=consumer-smartnotes-group-1, groupId=smartnotes-group] Discovered group coordinator localhost:9092 (id: 2147483646 rack: null isFenced: false)
2026-05-07T21:31:38.301+05:30  INFO 2690 --- [org.springframework.kafka.KafkaListenerEndpointContainer#1-0-C-1] o.a.k.c.c.internals.ConsumerCoordinator  : [Consumer clientId=consumer-smartnotes-group-2, groupId=smartnotes-group] Discovered group coordinator localhost:9092 (id: 2147483646 rack: null isFenced: false)
2026-05-07T21:31:41.174+05:30  WARN 2690 --- [HikariPool-1:housekeeper] com.zaxxer.hikari.pool.HikariPool        : HikariPool-1 - Thread starvation or clock leap detected (housekeeper delta=15m31s884ms).
2026-05-07T21:31:42.116+05:30 DEBUG 2690 --- [scheduling-1] org.hibernate.SQL                        : 
    select
        t1_0.id,
        t1_0.completed,
        t1_0.created_at,
        t1_0.description,
        t1_0.due_date,
        t1_0.note_id,
        t1_0.priority,
        t1_0.title,
        t1_0.user_id,
        u1_0.id,
        u1_0.email,
        u1_0.full_name,
        u1_0.password 
    from
        todos t1_0 
    join
        users u1_0 
            on u1_0.id=t1_0.user_id 
    where
        t1_0.due_date<? 
        and t1_0.completed=false
2026-05-07T21:31:42.121+05:30  INFO 2690 --- [scheduling-1] c.s.s.kafka.TodoDeadlineScheduler        : Overdue event fired for todo: 'Seperate Logs'
2026-05-07T21:31:42.123+05:30 DEBUG 2690 --- [scheduling-1] org.hibernate.SQL                        : 
    select
        t1_0.id,
        t1_0.completed,
        t1_0.created_at,
        t1_0.description,
        t1_0.due_date,
        t1_0.note_id,
        t1_0.priority,
        t1_0.title,
        t1_0.user_id,
        u1_0.id,
        u1_0.email,
        u1_0.full_name,
        u1_0.password 
    from
        todos t1_0 
    join
        users u1_0 
            on u1_0.id=t1_0.user_id 
    where
        t1_0.due_date between ? and ? 
        and t1_0.completed=false
2026-05-07T21:31:42.132+05:30 ERROR 2690 --- [org.springframework.kafka.KafkaListenerEndpointContainer#1-0-C-1] c.s.s.kafka.TodoEventConsumer            : 🔴 OVERDUE: 'Seperate Logs' for test@test.com
2026-05-07T21:47:00.027+05:30  INFO 2690 --- [kafka-coordinator-heartbeat-thread | smartnotes-group] o.a.k.c.c.internals.ConsumerCoordinator  : [Consumer clientId=consumer-smartnotes-group-2, groupId=smartnotes-group] Group coordinator localhost:9092 (id: 2147483646 rack: null isFenced: false) is unavailable or invalid due to cause: session timed out without receiving a heartbeat response. isDisconnected: false. Rediscovery will be attempted.
2026-05-07T21:47:00.027+05:30  INFO 2690 --- [kafka-coordinator-heartbeat-thread | smartnotes-group] o.a.k.c.c.internals.ConsumerCoordinator  : [Consumer clientId=consumer-smartnotes-group-2, groupId=smartnotes-group] Requesting disconnect from last known coordinator localhost:9092 (id: 2147483646 rack: null isFenced: false)
2026-05-07T21:47:00.027+05:30  INFO 2690 --- [kafka-coordinator-heartbeat-thread | smartnotes-group] org.apache.kafka.clients.NetworkClient   : [Consumer clientId=consumer-smartnotes-group-2, groupId=smartnotes-group] Client requested disconnect from node 2147483646
2026-05-07T21:47:00.029+05:30  INFO 2690 --- [org.springframework.kafka.KafkaListenerEndpointContainer#1-0-C-1] o.a.k.c.c.internals.ConsumerCoordinator  : [Consumer clientId=consumer-smartnotes-group-2, groupId=smartnotes-group] Discovered group coordinator localhost:9092 (id: 2147483646 rack: null isFenced: false)
2026-05-07T21:47:00.029+05:30  INFO 2690 --- [org.springframework.kafka.KafkaListenerEndpointContainer#1-0-C-1] o.a.k.c.c.internals.ConsumerCoordinator  : [Consumer clientId=consumer-smartnotes-group-2, groupId=smartnotes-group] Group coordinator localhost:9092 (id: 2147483646 rack: null isFenced: false) is unavailable or invalid due to cause: coordinator unavailable. isDisconnected: false. Rediscovery will be attempted.
2026-05-07T21:47:00.029+05:30  INFO 2690 --- [org.springframework.kafka.KafkaListenerEndpointContainer#1-0-C-1] o.a.k.c.c.internals.ConsumerCoordinator  : [Consumer clientId=consumer-smartnotes-group-2, groupId=smartnotes-group] Requesting disconnect from last known coordinator localhost:9092 (id: 2147483646 rack: null isFenced: false)
2026-05-07T21:47:00.071+05:30  INFO 2690 --- [kafka-coordinator-heartbeat-thread | smartnotes-group] o.a.k.c.c.internals.ConsumerCoordinator  : [Consumer clientId=consumer-smartnotes-group-1, groupId=smartnotes-group] Group coordinator localhost:9092 (id: 2147483646 rack: null isFenced: false) is unavailable or invalid due to cause: session timed out without receiving a heartbeat response. isDisconnected: false. Rediscovery will be attempted.
2026-05-07T21:47:00.071+05:30  INFO 2690 --- [kafka-coordinator-heartbeat-thread | smartnotes-group] o.a.k.c.c.internals.ConsumerCoordinator  : [Consumer clientId=consumer-smartnotes-group-1, groupId=smartnotes-group] Requesting disconnect from last known coordinator localhost:9092 (id: 2147483646 rack: null isFenced: false)
2026-05-07T21:47:00.071+05:30  INFO 2690 --- [kafka-coordinator-heartbeat-thread | smartnotes-group] org.apache.kafka.clients.NetworkClient   : [Consumer clientId=consumer-smartnotes-group-1, groupId=smartnotes-group] Client requested disconnect from node 2147483646
2026-05-07T21:47:00.073+05:30  INFO 2690 --- [org.springframework.kafka.KafkaListenerEndpointContainer#0-0-C-1] o.a.k.c.c.internals.ConsumerCoordinator  : [Consumer clientId=consumer-smartnotes-group-1, groupId=smartnotes-group] Discovered group coordinator localhost:9092 (id: 2147483646 rack: null isFenced: false)
2026-05-07T21:47:00.073+05:30  INFO 2690 --- [org.springframework.kafka.KafkaListenerEndpointContainer#0-0-C-1] o.a.k.c.c.internals.ConsumerCoordinator  : [Consumer clientId=consumer-smartnotes-group-1, groupId=smartnotes-group] Group coordinator localhost:9092 (id: 2147483646 rack: null isFenced: false) is unavailable or invalid due to cause: coordinator unavailable. isDisconnected: false. Rediscovery will be attempted.
2026-05-07T21:47:00.073+05:30  INFO 2690 --- [org.springframework.kafka.KafkaListenerEndpointContainer#0-0-C-1] o.a.k.c.c.internals.ConsumerCoordinator  : [Consumer clientId=consumer-smartnotes-group-1, groupId=smartnotes-group] Requesting disconnect from last known coordinator localhost:9092 (id: 2147483646 rack: null isFenced: false)
2026-05-07T21:47:00.121+05:30  INFO 2690 --- [org.springframework.kafka.KafkaListenerEndpointContainer#1-0-C-1] o.a.k.c.c.internals.ConsumerCoordinator  : [Consumer clientId=consumer-smartnotes-group-2, groupId=smartnotes-group] Discovered group coordinator localhost:9092 (id: 2147483646 rack: null isFenced: false)
2026-05-07T21:47:00.182+05:30  INFO 2690 --- [org.springframework.kafka.KafkaListenerEndpointContainer#0-0-C-1] o.a.k.c.c.internals.ConsumerCoordinator  : [Consumer clientId=consumer-smartnotes-group-1, groupId=smartnotes-group] Discovered group coordinator localhost:9092 (id: 2147483646 rack: null isFenced: false)
2026-05-07T22:03:06.025+05:30  INFO 2690 --- [kafka-coordinator-heartbeat-thread | smartnotes-group] o.a.k.c.c.internals.ConsumerCoordinator  : [Consumer clientId=consumer-smartnotes-group-1, groupId=smartnotes-group] Group coordinator localhost:9092 (id: 2147483646 rack: null isFenced: false) is unavailable or invalid due to cause: session timed out without receiving a heartbeat response. isDisconnected: false. Rediscovery will be attempted.
2026-05-07T22:03:06.025+05:30  INFO 2690 --- [kafka-coordinator-heartbeat-thread | smartnotes-group] o.a.k.c.c.internals.ConsumerCoordinator  : [Consumer clientId=consumer-smartnotes-group-2, groupId=smartnotes-group] Group coordinator localhost:9092 (id: 2147483646 rack: null isFenced: false) is unavailable or invalid due to cause: session timed out without receiving a heartbeat response. isDisconnected: false. Rediscovery will be attempted.
2026-05-07T22:03:06.175+05:30  INFO 2690 --- [kafka-coordinator-heartbeat-thread | smartnotes-group] o.a.k.c.c.internals.ConsumerCoordinator  : [Consumer clientId=consumer-smartnotes-group-2, groupId=smartnotes-group] Requesting disconnect from last known coordinator localhost:9092 (id: 2147483646 rack: null isFenced: false)
2026-05-07T22:03:06.175+05:30  INFO 2690 --- [kafka-coordinator-heartbeat-thread | smartnotes-group] o.a.k.c.c.internals.ConsumerCoordinator  : [Consumer clientId=consumer-smartnotes-group-1, groupId=smartnotes-group] Requesting disconnect from last known coordinator localhost:9092 (id: 2147483646 rack: null isFenced: false)
2026-05-07T22:03:06.175+05:30  INFO 2690 --- [kafka-coordinator-heartbeat-thread | smartnotes-group] org.apache.kafka.clients.NetworkClient   : [Consumer clientId=consumer-smartnotes-group-2, groupId=smartnotes-group] Client requested disconnect from node 2147483646
2026-05-07T22:03:06.175+05:30  INFO 2690 --- [kafka-coordinator-heartbeat-thread | smartnotes-group] org.apache.kafka.clients.NetworkClient   : [Consumer clientId=consumer-smartnotes-group-1, groupId=smartnotes-group] Client requested disconnect from node 2147483646
2026-05-07T22:03:06.178+05:30  INFO 2690 --- [org.springframework.kafka.KafkaListenerEndpointContainer#1-0-C-1] o.a.k.c.c.internals.ConsumerCoordinator  : [Consumer clientId=consumer-smartnotes-group-2, groupId=smartnotes-group] Discovered group coordinator localhost:9092 (id: 2147483646 rack: null isFenced: false)
2026-05-07T22:03:06.178+05:30  INFO 2690 --- [org.springframework.kafka.KafkaListenerEndpointContainer#0-0-C-1] o.a.k.c.c.internals.ConsumerCoordinator  : [Consumer clientId=consumer-smartnotes-group-1, groupId=smartnotes-group] Discovered group coordinator localhost:9092 (id: 2147483646 rack: null isFenced: false)
2026-05-07T22:03:06.179+05:30  INFO 2690 --- [org.springframework.kafka.KafkaListenerEndpointContainer#1-0-C-1] o.a.k.c.c.internals.ConsumerCoordinator  : [Consumer clientId=consumer-smartnotes-group-2, groupId=smartnotes-group] Group coordinator localhost:9092 (id: 2147483646 rack: null isFenced: false) is unavailable or invalid due to cause: coordinator unavailable. isDisconnected: false. Rediscovery will be attempted.
2026-05-07T22:03:06.179+05:30  INFO 2690 --- [org.springframework.kafka.KafkaListenerEndpointContainer#0-0-C-1] o.a.k.c.c.internals.ConsumerCoordinator  : [Consumer clientId=consumer-smartnotes-group-1, groupId=smartnotes-group] Group coordinator localhost:9092 (id: 2147483646 rack: null isFenced: false) is unavailable or invalid due to cause: coordinator unavailable. isDisconnected: false. Rediscovery will be attempted.
2026-05-07T22:03:06.179+05:30  INFO 2690 --- [org.springframework.kafka.KafkaListenerEndpointContainer#1-0-C-1] o.a.k.c.c.internals.ConsumerCoordinator  : [Consumer clientId=consumer-smartnotes-group-2, groupId=smartnotes-group] Requesting disconnect from last known coordinator localhost:9092 (id: 2147483646 rack: null isFenced: false)
2026-05-07T22:03:06.179+05:30  INFO 2690 --- [org.springframework.kafka.KafkaListenerEndpointContainer#0-0-C-1] o.a.k.c.c.internals.ConsumerCoordinator  : [Consumer clientId=consumer-smartnotes-group-1, groupId=smartnotes-group] Requesting disconnect from last known coordinator localhost:9092 (id: 2147483646 rack: null isFenced: false)
2026-05-07T22:03:06.274+05:30  INFO 2690 --- [org.springframework.kafka.KafkaListenerEndpointContainer#1-0-C-1] o.a.k.c.c.internals.ConsumerCoordinator  : [Consumer clientId=consumer-smartnotes-group-2, groupId=smartnotes-group] Discovered group coordinator localhost:9092 (id: 2147483646 rack: null isFenced: false)
2026-05-07T22:03:06.287+05:30  INFO 2690 --- [org.springframework.kafka.KafkaListenerEndpointContainer#0-0-C-1] o.a.k.c.c.internals.ConsumerCoordinator  : [Consumer clientId=consumer-smartnotes-group-1, groupId=smartnotes-group] Discovered group coordinator localhost:9092 (id: 2147483646 rack: null isFenced: false)
2026-05-07T22:19:38.042+05:30  INFO 2690 --- [kafka-coordinator-heartbeat-thread | smartnotes-group] o.a.k.c.c.internals.ConsumerCoordinator  : [Consumer clientId=consumer-smartnotes-group-2, groupId=smartnotes-group] Group coordinator localhost:9092 (id: 2147483646 rack: null isFenced: false) is unavailable or invalid due to cause: session timed out without receiving a heartbeat response. isDisconnected: false. Rediscovery will be attempted.
2026-05-07T22:19:38.042+05:30  INFO 2690 --- [kafka-coordinator-heartbeat-thread | smartnotes-group] o.a.k.c.c.internals.ConsumerCoordinator  : [Consumer clientId=consumer-smartnotes-group-2, groupId=smartnotes-group] Requesting disconnect from last known coordinator localhost:9092 (id: 2147483646 rack: null isFenced: false)
2026-05-07T22:19:38.042+05:30  INFO 2690 --- [kafka-coordinator-heartbeat-thread | smartnotes-group] org.apache.kafka.clients.NetworkClient   : [Consumer clientId=consumer-smartnotes-group-2, groupId=smartnotes-group] Client requested disconnect from node 2147483646
2026-05-07T22:19:38.045+05:30  INFO 2690 --- [kafka-coordinator-heartbeat-thread | smartnotes-group] o.a.k.c.c.internals.ConsumerCoordinator  : [Consumer clientId=consumer-smartnotes-group-1, groupId=smartnotes-group] Group coordinator localhost:9092 (id: 2147483646 rack: null isFenced: false) is unavailable or invalid due to cause: session timed out without receiving a heartbeat response. isDisconnected: false. Rediscovery will be attempted.
2026-05-07T22:19:38.045+05:30  INFO 2690 --- [kafka-coordinator-heartbeat-thread | smartnotes-group] o.a.k.c.c.internals.ConsumerCoordinator  : [Consumer clientId=consumer-smartnotes-group-1, groupId=smartnotes-group] Requesting disconnect from last known coordinator localhost:9092 (id: 2147483646 rack: null isFenced: false)
2026-05-07T22:19:38.045+05:30  INFO 2690 --- [kafka-coordinator-heartbeat-thread | smartnotes-group] org.apache.kafka.clients.NetworkClient   : [Consumer clientId=consumer-smartnotes-group-1, groupId=smartnotes-group] Client requested disconnect from node 2147483646
2026-05-07T22:19:38.045+05:30  INFO 2690 --- [org.springframework.kafka.KafkaListenerEndpointContainer#1-0-C-1] o.a.k.c.c.internals.ConsumerCoordinator  : [Consumer clientId=consumer-smartnotes-group-2, groupId=smartnotes-group] Discovered group coordinator localhost:9092 (id: 2147483646 rack: null isFenced: false)
2026-05-07T22:19:38.045+05:30  INFO 2690 --- [org.springframework.kafka.KafkaListenerEndpointContainer#1-0-C-1] o.a.k.c.c.internals.ConsumerCoordinator  : [Consumer clientId=consumer-smartnotes-group-2, groupId=smartnotes-group] Group coordinator localhost:9092 (id: 2147483646 rack: null isFenced: false) is unavailable or invalid due to cause: coordinator unavailable. isDisconnected: false. Rediscovery will be attempted.
2026-05-07T22:19:38.045+05:30  INFO 2690 --- [org.springframework.kafka.KafkaListenerEndpointContainer#1-0-C-1] o.a.k.c.c.internals.ConsumerCoordinator  : [Consumer clientId=consumer-smartnotes-group-2, groupId=smartnotes-group] Requesting disconnect from last known coordinator localhost:9092 (id: 2147483646 rack: null isFenced: false)
2026-05-07T22:19:38.046+05:30  INFO 2690 --- [org.springframework.kafka.KafkaListenerEndpointContainer#0-0-C-1] o.a.k.c.c.internals.ConsumerCoordinator  : [Consumer clientId=consumer-smartnotes-group-1, groupId=smartnotes-group] Discovered group coordinator localhost:9092 (id: 2147483646 rack: null isFenced: false)
2026-05-07T22:19:38.046+05:30  INFO 2690 --- [org.springframework.kafka.KafkaListenerEndpointContainer#0-0-C-1] o.a.k.c.c.internals.ConsumerCoordinator  : [Consumer clientId=consumer-smartnotes-group-1, groupId=smartnotes-group] Group coordinator localhost:9092 (id: 2147483646 rack: null isFenced: false) is unavailable or invalid due to cause: coordinator unavailable. isDisconnected: false. Rediscovery will be attempted.
2026-05-07T22:19:38.046+05:30  INFO 2690 --- [org.springframework.kafka.KafkaListenerEndpointContainer#0-0-C-1] o.a.k.c.c.internals.ConsumerCoordinator  : [Consumer clientId=consumer-smartnotes-group-1, groupId=smartnotes-group] Requesting disconnect from last known coordinator localhost:9092 (id: 2147483646 rack: null isFenced: false)
2026-05-07T22:19:38.140+05:30  INFO 2690 --- [org.springframework.kafka.KafkaListenerEndpointContainer#0-0-C-1] o.a.k.c.c.internals.ConsumerCoordinator  : [Consumer clientId=consumer-smartnotes-group-1, groupId=smartnotes-group] Discovered group coordinator localhost:9092 (id: 2147483646 rack: null isFenced: false)
2026-05-07T22:19:38.146+05:30  INFO 2690 --- [org.springframework.kafka.KafkaListenerEndpointContainer#1-0-C-1] o.a.k.c.c.internals.ConsumerCoordinator  : [Consumer clientId=consumer-smartnotes-group-2, groupId=smartnotes-group] Discovered group coordinator localhost:9092 (id: 2147483646 rack: null isFenced: false)
2026-05-07T22:34:42.992+05:30  INFO 2690 --- [kafka-coordinator-heartbeat-thread | smartnotes-group] o.a.k.c.c.internals.ConsumerCoordinator  : [Consumer clientId=consumer-smartnotes-group-2, groupId=smartnotes-group] Group coordinator localhost:9092 (id: 2147483646 rack: null isFenced: false) is unavailable or invalid due to cause: session timed out without receiving a heartbeat response. isDisconnected: false. Rediscovery will be attempted.
2026-05-07T22:34:42.992+05:30  INFO 2690 --- [kafka-coordinator-heartbeat-thread | smartnotes-group] o.a.k.c.c.internals.ConsumerCoordinator  : [Consumer clientId=consumer-smartnotes-group-1, groupId=smartnotes-group] Group coordinator localhost:9092 (id: 2147483646 rack: null isFenced: false) is unavailable or invalid due to cause: session timed out without receiving a heartbeat response. isDisconnected: false. Rediscovery will be attempted.
2026-05-07T22:34:43.145+05:30  INFO 2690 --- [kafka-coordinator-heartbeat-thread | smartnotes-group] o.a.k.c.c.internals.ConsumerCoordinator  : [Consumer clientId=consumer-smartnotes-group-2, groupId=smartnotes-group] Requesting disconnect from last known coordinator localhost:9092 (id: 2147483646 rack: null isFenced: false)
2026-05-07T22:34:43.145+05:30  INFO 2690 --- [kafka-coordinator-heartbeat-thread | smartnotes-group] o.a.k.c.c.internals.ConsumerCoordinator  : [Consumer clientId=consumer-smartnotes-group-1, groupId=smartnotes-group] Requesting disconnect from last known coordinator localhost:9092 (id: 2147483646 rack: null isFenced: false)
2026-05-07T22:34:43.145+05:30  INFO 2690 --- [kafka-coordinator-heartbeat-thread | smartnotes-group] org.apache.kafka.clients.NetworkClient   : [Consumer clientId=consumer-smartnotes-group-2, groupId=smartnotes-group] Client requested disconnect from node 2147483646
2026-05-07T22:34:43.145+05:30  INFO 2690 --- [kafka-coordinator-heartbeat-thread | smartnotes-group] org.apache.kafka.clients.NetworkClient   : [Consumer clientId=consumer-smartnotes-group-1, groupId=smartnotes-group] Client requested disconnect from node 2147483646
2026-05-07T22:34:43.149+05:30  INFO 2690 --- [org.springframework.kafka.KafkaListenerEndpointContainer#0-0-C-1] o.a.k.c.c.internals.ConsumerCoordinator  : [Consumer clientId=consumer-smartnotes-group-1, groupId=smartnotes-group] Discovered group coordinator localhost:9092 (id: 2147483646 rack: null isFenced: false)
2026-05-07T22:34:43.149+05:30  INFO 2690 --- [org.springframework.kafka.KafkaListenerEndpointContainer#1-0-C-1] o.a.k.c.c.internals.ConsumerCoordinator  : [Consumer clientId=consumer-smartnotes-group-2, groupId=smartnotes-group] Discovered group coordinator localhost:9092 (id: 2147483646 rack: null isFenced: false)
2026-05-07T22:34:43.149+05:30  INFO 2690 --- [org.springframework.kafka.KafkaListenerEndpointContainer#0-0-C-1] o.a.k.c.c.internals.ConsumerCoordinator  : [Consumer clientId=consumer-smartnotes-group-1, groupId=smartnotes-group] Group coordinator localhost:9092 (id: 2147483646 rack: null isFenced: false) is unavailable or invalid due to cause: coordinator unavailable. isDisconnected: false. Rediscovery will be attempted.
2026-05-07T22:34:43.149+05:30  INFO 2690 --- [org.springframework.kafka.KafkaListenerEndpointContainer#1-0-C-1] o.a.k.c.c.internals.ConsumerCoordinator  : [Consumer clientId=consumer-smartnotes-group-2, groupId=smartnotes-group] Group coordinator localhost:9092 (id: 2147483646 rack: null isFenced: false) is unavailable or invalid due to cause: coordinator unavailable. isDisconnected: false. Rediscovery will be attempted.
2026-05-07T22:34:43.149+05:30  INFO 2690 --- [org.springframework.kafka.KafkaListenerEndpointContainer#1-0-C-1] o.a.k.c.c.internals.ConsumerCoordinator  : [Consumer clientId=consumer-smartnotes-group-2, groupId=smartnotes-group] Requesting disconnect from last known coordinator localhost:9092 (id: 2147483646 rack: null isFenced: false)
2026-05-07T22:34:43.149+05:30  INFO 2690 --- [org.springframework.kafka.KafkaListenerEndpointContainer#0-0-C-1] o.a.k.c.c.internals.ConsumerCoordinator  : [Consumer clientId=consumer-smartnotes-group-1, groupId=smartnotes-group] Requesting disconnect from last known coordinator localhost:9092 (id: 2147483646 rack: null isFenced: false)
2026-05-07T22:34:43.245+05:30  INFO 2690 --- [org.springframework.kafka.KafkaListenerEndpointContainer#1-0-C-1] o.a.k.c.c.internals.ConsumerCoordinator  : [Consumer clientId=consumer-smartnotes-group-2, groupId=smartnotes-group] Discovered group coordinator localhost:9092 (id: 2147483646 rack: null isFenced: false)
2026-05-07T22:34:43.246+05:30  INFO 2690 --- [org.springframework.kafka.KafkaListenerEndpointContainer#0-0-C-1] o.a.k.c.c.internals.ConsumerCoordinator  : [Consumer clientId=consumer-smartnotes-group-1, groupId=smartnotes-group] Discovered group coordinator localhost:9092 (id: 2147483646 rack: null isFenced: false)
2026-05-07T22:50:15.016+05:30  INFO 2690 --- [kafka-coordinator-heartbeat-thread | smartnotes-group] o.a.k.c.c.internals.ConsumerCoordinator  : [Consumer clientId=consumer-smartnotes-group-1, groupId=smartnotes-group] Group coordinator localhost:9092 (id: 2147483646 rack: null isFenced: false) is unavailable or invalid due to cause: session timed out without receiving a heartbeat response. isDisconnected: false. Rediscovery will be attempted.
2026-05-07T22:50:15.016+05:30  INFO 2690 --- [kafka-coordinator-heartbeat-thread | smartnotes-group] o.a.k.c.c.internals.ConsumerCoordinator  : [Consumer clientId=consumer-smartnotes-group-2, groupId=smartnotes-group] Group coordinator localhost:9092 (id: 2147483646 rack: null isFenced: false) is unavailable or invalid due to cause: session timed out without receiving a heartbeat response. isDisconnected: false. Rediscovery will be attempted.
2026-05-07T22:50:15.017+05:30  INFO 2690 --- [kafka-coordinator-heartbeat-thread | smartnotes-group] o.a.k.c.c.internals.ConsumerCoordinator  : [Consumer clientId=consumer-smartnotes-group-1, groupId=smartnotes-group] Requesting disconnect from last known coordinator localhost:9092 (id: 2147483646 rack: null isFenced: false)
2026-05-07T22:50:15.017+05:30  INFO 2690 --- [kafka-coordinator-heartbeat-thread | smartnotes-group] o.a.k.c.c.internals.ConsumerCoordinator  : [Consumer clientId=consumer-smartnotes-group-2, groupId=smartnotes-group] Requesting disconnect from last known coordinator localhost:9092 (id: 2147483646 rack: null isFenced: false)
2026-05-07T22:50:15.017+05:30  INFO 2690 --- [kafka-coordinator-heartbeat-thread | smartnotes-group] org.apache.kafka.clients.NetworkClient   : [Consumer clientId=consumer-smartnotes-group-2, groupId=smartnotes-group] Client requested disconnect from node 2147483646
2026-05-07T22:50:15.017+05:30  INFO 2690 --- [kafka-coordinator-heartbeat-thread | smartnotes-group] org.apache.kafka.clients.NetworkClient   : [Consumer clientId=consumer-smartnotes-group-1, groupId=smartnotes-group] Client requested disconnect from node 2147483646
2026-05-07T22:50:15.018+05:30  INFO 2690 --- [org.springframework.kafka.KafkaListenerEndpointContainer#1-0-C-1] o.a.k.c.c.internals.ConsumerCoordinator  : [Consumer clientId=consumer-smartnotes-group-2, groupId=smartnotes-group] Discovered group coordinator localhost:9092 (id: 2147483646 rack: null isFenced: false)
2026-05-07T22:50:15.018+05:30  INFO 2690 --- [org.springframework.kafka.KafkaListenerEndpointContainer#0-0-C-1] o.a.k.c.c.internals.ConsumerCoordinator  : [Consumer clientId=consumer-smartnotes-group-1, groupId=smartnotes-group] Discovered group coordinator localhost:9092 (id: 2147483646 rack: null isFenced: false)
2026-05-07T22:50:15.018+05:30  INFO 2690 --- [org.springframework.kafka.KafkaListenerEndpointContainer#1-0-C-1] o.a.k.c.c.internals.ConsumerCoordinator  : [Consumer clientId=consumer-smartnotes-group-2, groupId=smartnotes-group] Group coordinator localhost:9092 (id: 2147483646 rack: null isFenced: false) is unavailable or invalid due to cause: coordinator unavailable. isDisconnected: false. Rediscovery will be attempted.
2026-05-07T22:50:15.018+05:30  INFO 2690 --- [org.springframework.kafka.KafkaListenerEndpointContainer#0-0-C-1] o.a.k.c.c.internals.ConsumerCoordinator  : [Consumer clientId=consumer-smartnotes-group-1, groupId=smartnotes-group] Group coordinator localhost:9092 (id: 2147483646 rack: null isFenced: false) is unavailable or invalid due to cause: coordinator unavailable. isDisconnected: false. Rediscovery will be attempted.
2026-05-07T22:50:15.136+05:30  INFO 2690 --- [org.springframework.kafka.KafkaListenerEndpointContainer#0-0-C-1] o.a.k.c.c.internals.ConsumerCoordinator  : [Consumer clientId=consumer-smartnotes-group-1, groupId=smartnotes-group] Requesting disconnect from last known coordinator localhost:9092 (id: 2147483646 rack: null isFenced: false)
2026-05-07T22:50:15.136+05:30  INFO 2690 --- [org.springframework.kafka.KafkaListenerEndpointContainer#1-0-C-1] o.a.k.c.c.internals.ConsumerCoordinator  : [Consumer clientId=consumer-smartnotes-group-2, groupId=smartnotes-group] Requesting disconnect from last known coordinator localhost:9092 (id: 2147483646 rack: null isFenced: false)
2026-05-07T22:50:15.230+05:30  INFO 2690 --- [org.springframework.kafka.KafkaListenerEndpointContainer#0-0-C-1] o.a.k.c.c.internals.ConsumerCoordinator  : [Consumer clientId=consumer-smartnotes-group-1, groupId=smartnotes-group] Discovered group coordinator localhost:9092 (id: 2147483646 rack: null isFenced: false)
2026-05-07T22:50:15.252+05:30  INFO 2690 --- [org.springframework.kafka.KafkaListenerEndpointContainer#1-0-C-1] o.a.k.c.c.internals.ConsumerCoordinator  : [Consumer clientId=consumer-smartnotes-group-2, groupId=smartnotes-group] Discovered group coordinator localhost:9092 (id: 2147483646 rack: null isFenced: false)
2026-05-07T23:06:57.006+05:30  INFO 2690 --- [kafka-coordinator-heartbeat-thread | smartnotes-group] o.a.k.c.c.internals.ConsumerCoordinator  : [Consumer clientId=consumer-smartnotes-group-1, groupId=smartnotes-group] Group coordinator localhost:9092 (id: 2147483646 rack: null isFenced: false) is unavailable or invalid due to cause: session timed out without receiving a heartbeat response. isDisconnected: false. Rediscovery will be attempted.
2026-05-07T23:06:57.026+05:30  INFO 2690 --- [kafka-coordinator-heartbeat-thread | smartnotes-group] o.a.k.c.c.internals.ConsumerCoordinator  : [Consumer clientId=consumer-smartnotes-group-2, groupId=smartnotes-group] Group coordinator localhost:9092 (id: 2147483646 rack: null isFenced: false) is unavailable or invalid due to cause: session timed out without receiving a heartbeat response. isDisconnected: false. Rediscovery will be attempted.
2026-05-07T23:06:57.131+05:30  INFO 2690 --- [kafka-coordinator-heartbeat-thread | smartnotes-group] o.a.k.c.c.internals.ConsumerCoordinator  : [Consumer clientId=consumer-smartnotes-group-1, groupId=smartnotes-group] Requesting disconnect from last known coordinator localhost:9092 (id: 2147483646 rack: null isFenced: false)
2026-05-07T23:06:57.131+05:30  INFO 2690 --- [kafka-coordinator-heartbeat-thread | smartnotes-group] o.a.k.c.c.internals.ConsumerCoordinator  : [Consumer clientId=consumer-smartnotes-group-2, groupId=smartnotes-group] Requesting disconnect from last known coordinator localhost:9092 (id: 2147483646 rack: null isFenced: false)
2026-05-07T23:06:57.131+05:30  INFO 2690 --- [kafka-coordinator-heartbeat-thread | smartnotes-group] org.apache.kafka.clients.NetworkClient   : [Consumer clientId=consumer-smartnotes-group-1, groupId=smartnotes-group] Client requested disconnect from node 2147483646
2026-05-07T23:06:57.131+05:30  INFO 2690 --- [kafka-coordinator-heartbeat-thread | smartnotes-group] org.apache.kafka.clients.NetworkClient   : [Consumer clientId=consumer-smartnotes-group-2, groupId=smartnotes-group] Client requested disconnect from node 2147483646
2026-05-07T23:06:57.135+05:30  INFO 2690 --- [org.springframework.kafka.KafkaListenerEndpointContainer#1-0-C-1] o.a.k.c.c.internals.ConsumerCoordinator  : [Consumer clientId=consumer-smartnotes-group-2, groupId=smartnotes-group] Discovered group coordinator localhost:9092 (id: 2147483646 rack: null isFenced: false)
2026-05-07T23:06:57.135+05:30  INFO 2690 --- [org.springframework.kafka.KafkaListenerEndpointContainer#0-0-C-1] o.a.k.c.c.internals.ConsumerCoordinator  : [Consumer clientId=consumer-smartnotes-group-1, groupId=smartnotes-group] Discovered group coordinator localhost:9092 (id: 2147483646 rack: null isFenced: false)
2026-05-07T23:06:57.135+05:30  INFO 2690 --- [org.springframework.kafka.KafkaListenerEndpointContainer#1-0-C-1] o.a.k.c.c.internals.ConsumerCoordinator  : [Consumer clientId=consumer-smartnotes-group-2, groupId=smartnotes-group] Group coordinator localhost:9092 (id: 2147483646 rack: null isFenced: false) is unavailable or invalid due to cause: coordinator unavailable. isDisconnected: false. Rediscovery will be attempted.
2026-05-07T23:06:57.135+05:30  INFO 2690 --- [org.springframework.kafka.KafkaListenerEndpointContainer#0-0-C-1] o.a.k.c.c.internals.ConsumerCoordinator  : [Consumer clientId=consumer-smartnotes-group-1, groupId=smartnotes-group] Group coordinator localhost:9092 (id: 2147483646 rack: null isFenced: false) is unavailable or invalid due to cause: coordinator unavailable. isDisconnected: false. Rediscovery will be attempted.
2026-05-07T23:06:57.135+05:30  INFO 2690 --- [org.springframework.kafka.KafkaListenerEndpointContainer#1-0-C-1] o.a.k.c.c.internals.ConsumerCoordinator  : [Consumer clientId=consumer-smartnotes-group-2, groupId=smartnotes-group] Requesting disconnect from last known coordinator localhost:9092 (id: 2147483646 rack: null isFenced: false)
2026-05-07T23:06:57.135+05:30  INFO 2690 --- [org.springframework.kafka.KafkaListenerEndpointContainer#0-0-C-1] o.a.k.c.c.internals.ConsumerCoordinator  : [Consumer clientId=consumer-smartnotes-group-1, groupId=smartnotes-group] Requesting disconnect from last known coordinator localhost:9092 (id: 2147483646 rack: null isFenced: false)
2026-05-07T23:06:57.229+05:30  INFO 2690 --- [org.springframework.kafka.KafkaListenerEndpointContainer#1-0-C-1] o.a.k.c.c.internals.ConsumerCoordinator  : [Consumer clientId=consumer-smartnotes-group-2, groupId=smartnotes-group] Discovered group coordinator localhost:9092 (id: 2147483646 rack: null isFenced: false)
2026-05-07T23:06:57.233+05:30  INFO 2690 --- [org.springframework.kafka.KafkaListenerEndpointContainer#0-0-C-1] o.a.k.c.c.internals.ConsumerCoordinator  : [Consumer clientId=consumer-smartnotes-group-1, groupId=smartnotes-group] Discovered group coordinator localhost:9092 (id: 2147483646 rack: null isFenced: false)
2026-05-07T23:06:58.572+05:30  WARN 2690 --- [HikariPool-1:housekeeper] com.zaxxer.hikari.pool.HikariPool        : HikariPool-1 - Thread starvation or clock leap detected (housekeeper delta=1h35m17s397ms).
2026-05-07T23:13:59.853+05:30  INFO 2690 --- [kafka-coordinator-heartbeat-thread | smartnotes-group] o.a.k.c.c.internals.ConsumerCoordinator  : [Consumer clientId=consumer-smartnotes-group-1, groupId=smartnotes-group] Group coordinator localhost:9092 (id: 2147483646 rack: null isFenced: false) is unavailable or invalid due to cause: session timed out without receiving a heartbeat response. isDisconnected: false. Rediscovery will be attempted.
2026-05-07T23:13:59.960+05:30  INFO 2690 --- [kafka-coordinator-heartbeat-thread | smartnotes-group] o.a.k.c.c.internals.ConsumerCoordinator  : [Consumer clientId=consumer-smartnotes-group-1, groupId=smartnotes-group] Requesting disconnect from last known coordinator localhost:9092 (id: 2147483646 rack: null isFenced: false)
2026-05-07T23:13:59.961+05:30  INFO 2690 --- [kafka-coordinator-heartbeat-thread | smartnotes-group] org.apache.kafka.clients.NetworkClient   : [Consumer clientId=consumer-smartnotes-group-1, groupId=smartnotes-group] Client requested disconnect from node 2147483646
2026-05-07T23:13:59.853+05:30  INFO 2690 --- [kafka-coordinator-heartbeat-thread | smartnotes-group] o.a.k.c.c.internals.ConsumerCoordinator  : [Consumer clientId=consumer-smartnotes-group-2, groupId=smartnotes-group] Group coordinator localhost:9092 (id: 2147483646 rack: null isFenced: false) is unavailable or invalid due to cause: session timed out without receiving a heartbeat response. isDisconnected: false. Rediscovery will be attempted.
2026-05-07T23:13:59.961+05:30  INFO 2690 --- [kafka-coordinator-heartbeat-thread | smartnotes-group] o.a.k.c.c.internals.ConsumerCoordinator  : [Consumer clientId=consumer-smartnotes-group-2, groupId=smartnotes-group] Requesting disconnect from last known coordinator localhost:9092 (id: 2147483646 rack: null isFenced: false)
2026-05-07T23:13:59.961+05:30  INFO 2690 --- [kafka-coordinator-heartbeat-thread | smartnotes-group] org.apache.kafka.clients.NetworkClient   : [Consumer clientId=consumer-smartnotes-group-2, groupId=smartnotes-group] Client requested disconnect from node 2147483646
2026-05-07T23:13:59.984+05:30  INFO 2690 --- [org.springframework.kafka.KafkaListenerEndpointContainer#1-0-C-1] o.a.k.c.c.internals.ConsumerCoordinator  : [Consumer clientId=consumer-smartnotes-group-2, groupId=smartnotes-group] Discovered group coordinator localhost:9092 (id: 2147483646 rack: null isFenced: false)
2026-05-07T23:13:59.984+05:30  INFO 2690 --- [org.springframework.kafka.KafkaListenerEndpointContainer#1-0-C-1] o.a.k.c.c.internals.ConsumerCoordinator  : [Consumer clientId=consumer-smartnotes-group-2, groupId=smartnotes-group] Group coordinator localhost:9092 (id: 2147483646 rack: null isFenced: false) is unavailable or invalid due to cause: coordinator unavailable. isDisconnected: false. Rediscovery will be attempted.
2026-05-07T23:13:59.984+05:30  INFO 2690 --- [org.springframework.kafka.KafkaListenerEndpointContainer#1-0-C-1] o.a.k.c.c.internals.ConsumerCoordinator  : [Consumer clientId=consumer-smartnotes-group-2, groupId=smartnotes-group] Requesting disconnect from last known coordinator localhost:9092 (id: 2147483646 rack: null isFenced: false)
2026-05-07T23:13:59.984+05:30  INFO 2690 --- [org.springframework.kafka.KafkaListenerEndpointContainer#0-0-C-1] o.a.k.c.c.internals.ConsumerCoordinator  : [Consumer clientId=consumer-smartnotes-group-1, groupId=smartnotes-group] Discovered group coordinator localhost:9092 (id: 2147483646 rack: null isFenced: false)
2026-05-07T23:13:59.984+05:30  INFO 2690 --- [org.springframework.kafka.KafkaListenerEndpointContainer#0-0-C-1] o.a.k.c.c.internals.ConsumerCoordinator  : [Consumer clientId=consumer-smartnotes-group-1, groupId=smartnotes-group] Group coordinator localhost:9092 (id: 2147483646 rack: null isFenced: false) is unavailable or invalid due to cause: coordinator unavailable. isDisconnected: false. Rediscovery will be attempted.
2026-05-07T23:13:59.984+05:30  INFO 2690 --- [org.springframework.kafka.KafkaListenerEndpointContainer#0-0-C-1] o.a.k.c.c.internals.ConsumerCoordinator  : [Consumer clientId=consumer-smartnotes-group-1, groupId=smartnotes-group] Requesting disconnect from last known coordinator localhost:9092 (id: 2147483646 rack: null isFenced: false)
2026-05-07T23:14:00.083+05:30  INFO 2690 --- [org.springframework.kafka.KafkaListenerEndpointContainer#0-0-C-1] o.a.k.c.c.internals.ConsumerCoordinator  : [Consumer clientId=consumer-smartnotes-group-1, groupId=smartnotes-group] Discovered group coordinator localhost:9092 (id: 2147483646 rack: null isFenced: false)
2026-05-07T23:14:00.097+05:30  INFO 2690 --- [org.springframework.kafka.KafkaListenerEndpointContainer#1-0-C-1] o.a.k.c.c.internals.ConsumerCoordinator  : [Consumer clientId=consumer-smartnotes-group-2, groupId=smartnotes-group] Discovered group coordinator localhost:9092 (id: 2147483646 rack: null isFenced: false)
2026-05-07T23:14:26.151+05:30  WARN 2690 --- [HikariPool-1:housekeeper] com.zaxxer.hikari.pool.HikariPool        : HikariPool-1 - Thread starvation or clock leap detected (housekeeper delta=7m27s580ms).
2026-05-07T23:14:27.084+05:30 DEBUG 2690 --- [scheduling-1] org.hibernate.SQL                        : 
    select
        t1_0.id,
        t1_0.completed,
        t1_0.created_at,
        t1_0.description,
        t1_0.due_date,
        t1_0.note_id,
        t1_0.priority,
        t1_0.title,
        t1_0.user_id,
        u1_0.id,
        u1_0.email,
        u1_0.full_name,
        u1_0.password 
    from
        todos t1_0 
    join
        users u1_0 
            on u1_0.id=t1_0.user_id 
    where
        t1_0.due_date<? 
        and t1_0.completed=false
2026-05-07T23:14:27.099+05:30  INFO 2690 --- [scheduling-1] c.s.s.kafka.TodoDeadlineScheduler        : Overdue event fired for todo: 'Seperate Logs'
2026-05-07T23:14:27.101+05:30 DEBUG 2690 --- [scheduling-1] org.hibernate.SQL                        : 
    select
        t1_0.id,
        t1_0.completed,
        t1_0.created_at,
        t1_0.description,
        t1_0.due_date,
        t1_0.note_id,
        t1_0.priority,
        t1_0.title,
        t1_0.user_id,
        u1_0.id,
        u1_0.email,
        u1_0.full_name,
        u1_0.password 
    from
        todos t1_0 
    join
        users u1_0 
            on u1_0.id=t1_0.user_id 
    where
        t1_0.due_date between ? and ? 
        and t1_0.completed=false
2026-05-07T23:14:27.114+05:30 ERROR 2690 --- [org.springframework.kafka.KafkaListenerEndpointContainer#1-0-C-1] c.s.s.kafka.TodoEventConsumer            : 🔴 OVERDUE: 'Seperate Logs' for test@test.com
2026-05-07T23:15:27.082+05:30 DEBUG 2690 --- [scheduling-1] org.hibernate.SQL                        : 
    select
        t1_0.id,
        t1_0.completed,
        t1_0.created_at,
        t1_0.description,
        t1_0.due_date,
        t1_0.note_id,
        t1_0.priority,
        t1_0.title,
        t1_0.user_id,
        u1_0.id,
        u1_0.email,
        u1_0.full_name,
        u1_0.password 
    from
        todos t1_0 
    join
        users u1_0 
            on u1_0.id=t1_0.user_id 
    where
        t1_0.due_date<? 
        and t1_0.completed=false
2026-05-07T23:15:27.085+05:30  INFO 2690 --- [scheduling-1] c.s.s.kafka.TodoDeadlineScheduler        : Overdue event fired for todo: 'Seperate Logs'
2026-05-07T23:15:27.086+05:30 DEBUG 2690 --- [scheduling-1] org.hibernate.SQL                        : 
    select
        t1_0.id,
        t1_0.completed,
        t1_0.created_at,
        t1_0.description,
        t1_0.due_date,
        t1_0.note_id,
        t1_0.priority,
        t1_0.title,
        t1_0.user_id,
        u1_0.id,
        u1_0.email,
        u1_0.full_name,
        u1_0.password 
    from
        todos t1_0 
    join
        users u1_0 
            on u1_0.id=t1_0.user_id 
    where
        t1_0.due_date between ? and ? 
        and t1_0.completed=false
2026-05-07T23:15:27.094+05:30 ERROR 2690 --- [org.springframework.kafka.KafkaListenerEndpointContainer#1-0-C-1] c.s.s.kafka.TodoEventConsumer            : 🔴 OVERDUE: 'Seperate Logs' for test@test.com
2026-05-07T23:16:27.089+05:30 DEBUG 2690 --- [scheduling-1] org.hibernate.SQL                        : 
    select
        t1_0.id,
        t1_0.completed,
        t1_0.created_at,
        t1_0.description,
        t1_0.due_date,
        t1_0.note_id,
        t1_0.priority,
        t1_0.title,
        t1_0.user_id,
        u1_0.id,
        u1_0.email,
        u1_0.full_name,
        u1_0.password 
    from
        todos t1_0 
    join
        users u1_0 
            on u1_0.id=t1_0.user_id 
    where
        t1_0.due_date<? 
        and t1_0.completed=false
2026-05-07T23:16:27.101+05:30  INFO 2690 --- [scheduling-1] c.s.s.kafka.TodoDeadlineScheduler        : Overdue event fired for todo: 'Seperate Logs'
2026-05-07T23:16:27.102+05:30 DEBUG 2690 --- [scheduling-1] org.hibernate.SQL                        : 
    select
        t1_0.id,
        t1_0.completed,
        t1_0.created_at,
        t1_0.description,
        t1_0.due_date,
        t1_0.note_id,
        t1_0.priority,
        t1_0.title,
        t1_0.user_id,
        u1_0.id,
        u1_0.email,
        u1_0.full_name,
        u1_0.password 
    from
        todos t1_0 
    join
        users u1_0 
            on u1_0.id=t1_0.user_id 
    where
        t1_0.due_date between ? and ? 
        and t1_0.completed=false
2026-05-07T23:16:27.115+05:30 ERROR 2690 --- [org.springframework.kafka.KafkaListenerEndpointContainer#1-0-C-1] c.s.s.kafka.TodoEventConsumer            : 🔴 OVERDUE: 'Seperate Logs' for test@test.com
2026-05-07T23:17:27.080+05:30 DEBUG 2690 --- [scheduling-1] org.hibernate.SQL                        : 
    select
        t1_0.id,
        t1_0.completed,
        t1_0.created_at,
        t1_0.description,
        t1_0.due_date,
        t1_0.note_id,
        t1_0.priority,
        t1_0.title,
        t1_0.user_id,
        u1_0.id,
        u1_0.email,
        u1_0.full_name,
        u1_0.password 
    from
        todos t1_0 
    join
        users u1_0 
            on u1_0.id=t1_0.user_id 
    where
        t1_0.due_date<? 
        and t1_0.completed=false
2026-05-07T23:17:27.087+05:30  INFO 2690 --- [scheduling-1] c.s.s.kafka.TodoDeadlineScheduler        : Overdue event fired for todo: 'Seperate Logs'
2026-05-07T23:17:27.088+05:30 DEBUG 2690 --- [scheduling-1] org.hibernate.SQL                        : 
    select
        t1_0.id,
        t1_0.completed,
        t1_0.created_at,
        t1_0.description,
        t1_0.due_date,
        t1_0.note_id,
        t1_0.priority,
        t1_0.title,
        t1_0.user_id,
        u1_0.id,
        u1_0.email,
        u1_0.full_name,
        u1_0.password 
    from
        todos t1_0 
    join
        users u1_0 
            on u1_0.id=t1_0.user_id 
    where
        t1_0.due_date between ? and ? 
        and t1_0.completed=false
2026-05-07T23:17:27.099+05:30 ERROR 2690 --- [org.springframework.kafka.KafkaListenerEndpointContainer#1-0-C-1] c.s.s.kafka.TodoEventConsumer            : 🔴 OVERDUE: 'Seperate Logs' for test@test.com
2026-05-07T23:18:27.083+05:30 DEBUG 2690 --- [scheduling-1] org.hibernate.SQL                        : 
    select
        t1_0.id,
        t1_0.completed,
        t1_0.created_at,
        t1_0.description,
        t1_0.due_date,
        t1_0.note_id,
        t1_0.priority,
        t1_0.title,
        t1_0.user_id,
        u1_0.id,
        u1_0.email,
        u1_0.full_name,
        u1_0.password 
    from
        todos t1_0 
    join
        users u1_0 
            on u1_0.id=t1_0.user_id 
    where
        t1_0.due_date<? 
        and t1_0.completed=false
2026-05-07T23:18:27.095+05:30  INFO 2690 --- [scheduling-1] c.s.s.kafka.TodoDeadlineScheduler        : Overdue event fired for todo: 'Seperate Logs'
2026-05-07T23:18:27.097+05:30 DEBUG 2690 --- [scheduling-1] org.hibernate.SQL                        : 
    select
        t1_0.id,
        t1_0.completed,
        t1_0.created_at,
        t1_0.description,
        t1_0.due_date,
        t1_0.note_id,
        t1_0.priority,
        t1_0.title,
        t1_0.user_id,
        u1_0.id,
        u1_0.email,
        u1_0.full_name,
        u1_0.password 
    from
        todos t1_0 
    join
        users u1_0 
            on u1_0.id=t1_0.user_id 
    where
        t1_0.due_date between ? and ? 
        and t1_0.completed=false
2026-05-07T23:18:27.110+05:30 ERROR 2690 --- [org.springframework.kafka.KafkaListenerEndpointContainer#1-0-C-1] c.s.s.kafka.TodoEventConsumer            : 🔴 OVERDUE: 'Seperate Logs' for test@test.com
2026-05-07T23:19:27.088+05:30 DEBUG 2690 --- [scheduling-1] org.hibernate.SQL                        : 
    select
        t1_0.id,
        t1_0.completed,
        t1_0.created_at,
        t1_0.description,
        t1_0.due_date,
        t1_0.note_id,
        t1_0.priority,
        t1_0.title,
        t1_0.user_id,
        u1_0.id,
        u1_0.email,
        u1_0.full_name,
        u1_0.password 
    from
        todos t1_0 
    join
        users u1_0 
            on u1_0.id=t1_0.user_id 
    where
        t1_0.due_date<? 
        and t1_0.completed=false
2026-05-07T23:19:27.099+05:30  INFO 2690 --- [scheduling-1] c.s.s.kafka.TodoDeadlineScheduler        : Overdue event fired for todo: 'Seperate Logs'
2026-05-07T23:19:27.101+05:30 DEBUG 2690 --- [scheduling-1] org.hibernate.SQL                        : 
    select
        t1_0.id,
        t1_0.completed,
        t1_0.created_at,
        t1_0.description,
        t1_0.due_date,
        t1_0.note_id,
        t1_0.priority,
        t1_0.title,
        t1_0.user_id,
        u1_0.id,
        u1_0.email,
        u1_0.full_name,
        u1_0.password 
    from
        todos t1_0 
    join
        users u1_0 
            on u1_0.id=t1_0.user_id 
    where
        t1_0.due_date between ? and ? 
        and t1_0.completed=false
2026-05-07T23:19:27.114+05:30 ERROR 2690 --- [org.springframework.kafka.KafkaListenerEndpointContainer#1-0-C-1] c.s.s.kafka.TodoEventConsumer            : 🔴 OVERDUE: 'Seperate Logs' for test@test.com
2026-05-07T23:20:27.087+05:30 DEBUG 2690 --- [scheduling-1] org.hibernate.SQL                        : 
    select
        t1_0.id,
        t1_0.completed,
        t1_0.created_at,
        t1_0.description,
        t1_0.due_date,
        t1_0.note_id,
        t1_0.priority,
        t1_0.title,
        t1_0.user_id,
        u1_0.id,
        u1_0.email,
        u1_0.full_name,
        u1_0.password 
    from
        todos t1_0 
    join
        users u1_0 
            on u1_0.id=t1_0.user_id 
    where
        t1_0.due_date<? 
        and t1_0.completed=false
2026-05-07T23:20:27.100+05:30  INFO 2690 --- [scheduling-1] c.s.s.kafka.TodoDeadlineScheduler        : Overdue event fired for todo: 'Seperate Logs'
2026-05-07T23:20:27.101+05:30 DEBUG 2690 --- [scheduling-1] org.hibernate.SQL                        : 
    select
        t1_0.id,
        t1_0.completed,
        t1_0.created_at,
        t1_0.description,
        t1_0.due_date,
        t1_0.note_id,
        t1_0.priority,
        t1_0.title,
        t1_0.user_id,
        u1_0.id,
        u1_0.email,
        u1_0.full_name,
        u1_0.password 
    from
        todos t1_0 
    join
        users u1_0 
            on u1_0.id=t1_0.user_id 
    where
        t1_0.due_date between ? and ? 
        and t1_0.completed=false
2026-05-07T23:20:27.117+05:30 ERROR 2690 --- [org.springframework.kafka.KafkaListenerEndpointContainer#1-0-C-1] c.s.s.kafka.TodoEventConsumer            : 🔴 OVERDUE: 'Seperate Logs' for test@test.com
2026-05-07T23:21:27.083+05:30 DEBUG 2690 --- [scheduling-1] org.hibernate.SQL                        : 
    select
        t1_0.id,
        t1_0.completed,
        t1_0.created_at,
        t1_0.description,
        t1_0.due_date,
        t1_0.note_id,
        t1_0.priority,
        t1_0.title,
        t1_0.user_id,
        u1_0.id,
        u1_0.email,
        u1_0.full_name,
        u1_0.password 
    from
        todos t1_0 
    join
        users u1_0 
            on u1_0.id=t1_0.user_id 
    where
        t1_0.due_date<? 
        and t1_0.completed=false
2026-05-07T23:21:27.092+05:30  INFO 2690 --- [scheduling-1] c.s.s.kafka.TodoDeadlineScheduler        : Overdue event fired for todo: 'Seperate Logs'
2026-05-07T23:21:27.093+05:30 DEBUG 2690 --- [scheduling-1] org.hibernate.SQL                        : 
    select
        t1_0.id,
        t1_0.completed,
        t1_0.created_at,
        t1_0.description,
        t1_0.due_date,
        t1_0.note_id,
        t1_0.priority,
        t1_0.title,
        t1_0.user_id,
        u1_0.id,
        u1_0.email,
        u1_0.full_name,
        u1_0.password 
    from
        todos t1_0 
    join
        users u1_0 
            on u1_0.id=t1_0.user_id 
    where
        t1_0.due_date between ? and ? 
        and t1_0.completed=false
2026-05-07T23:21:27.105+05:30 ERROR 2690 --- [org.springframework.kafka.KafkaListenerEndpointContainer#1-0-C-1] c.s.s.kafka.TodoEventConsumer            : 🔴 OVERDUE: 'Seperate Logs' for test@test.com
2026-05-07T23:22:27.077+05:30 DEBUG 2690 --- [scheduling-1] org.hibernate.SQL                        : 
    select
        t1_0.id,
        t1_0.completed,
        t1_0.created_at,
        t1_0.description,
        t1_0.due_date,
        t1_0.note_id,
        t1_0.priority,
        t1_0.title,
        t1_0.user_id,
        u1_0.id,
        u1_0.email,
        u1_0.full_name,
        u1_0.password 
    from
        todos t1_0 
    join
        users u1_0 
            on u1_0.id=t1_0.user_id 
    where
        t1_0.due_date<? 
        and t1_0.completed=false
2026-05-07T23:22:27.084+05:30  INFO 2690 --- [scheduling-1] c.s.s.kafka.TodoDeadlineScheduler        : Overdue event fired for todo: 'Seperate Logs'
2026-05-07T23:22:27.085+05:30 DEBUG 2690 --- [scheduling-1] org.hibernate.SQL                        : 
    select
        t1_0.id,
        t1_0.completed,
        t1_0.created_at,
        t1_0.description,
        t1_0.due_date,
        t1_0.note_id,
        t1_0.priority,
        t1_0.title,
        t1_0.user_id,
        u1_0.id,
        u1_0.email,
        u1_0.full_name,
        u1_0.password 
    from
        todos t1_0 
    join
        users u1_0 
            on u1_0.id=t1_0.user_id 
    where
        t1_0.due_date between ? and ? 
        and t1_0.completed=false
2026-05-07T23:22:27.095+05:30 ERROR 2690 --- [org.springframework.kafka.KafkaListenerEndpointContainer#1-0-C-1] c.s.s.kafka.TodoEventConsumer            : 🔴 OVERDUE: 'Seperate Logs' for test@test.com
2026-05-07T23:23:27.084+05:30 DEBUG 2690 --- [scheduling-1] org.hibernate.SQL                        : 
    select
        t1_0.id,
        t1_0.completed,
        t1_0.created_at,
        t1_0.description,
        t1_0.due_date,
        t1_0.note_id,
        t1_0.priority,
        t1_0.title,
        t1_0.user_id,
        u1_0.id,
        u1_0.email,
        u1_0.full_name,
        u1_0.password 
    from
        todos t1_0 
    join
        users u1_0 
            on u1_0.id=t1_0.user_id 
    where
        t1_0.due_date<? 
        and t1_0.completed=false
2026-05-07T23:23:27.093+05:30  INFO 2690 --- [scheduling-1] c.s.s.kafka.TodoDeadlineScheduler        : Overdue event fired for todo: 'Seperate Logs'
2026-05-07T23:23:27.094+05:30 DEBUG 2690 --- [scheduling-1] org.hibernate.SQL                        : 
    select
        t1_0.id,
        t1_0.completed,
        t1_0.created_at,
        t1_0.description,
        t1_0.due_date,
        t1_0.note_id,
        t1_0.priority,
        t1_0.title,
        t1_0.user_id,
        u1_0.id,
        u1_0.email,
        u1_0.full_name,
        u1_0.password 
    from
        todos t1_0 
    join
        users u1_0 
            on u1_0.id=t1_0.user_id 
    where
        t1_0.due_date between ? and ? 
        and t1_0.completed=false
2026-05-07T23:23:27.108+05:30 ERROR 2690 --- [org.springframework.kafka.KafkaListenerEndpointContainer#1-0-C-1] c.s.s.kafka.TodoEventConsumer            : 🔴 OVERDUE: 'Seperate Logs' for test@test.com
2026-05-07T23:24:27.085+05:30 DEBUG 2690 --- [scheduling-1] org.hibernate.SQL                        : 
    select
        t1_0.id,
        t1_0.completed,
        t1_0.created_at,
        t1_0.description,
        t1_0.due_date,
        t1_0.note_id,
        t1_0.priority,
        t1_0.title,
        t1_0.user_id,
        u1_0.id,
        u1_0.email,
        u1_0.full_name,
        u1_0.password 
    from
        todos t1_0 
    join
        users u1_0 
            on u1_0.id=t1_0.user_id 
    where
        t1_0.due_date<? 
        and t1_0.completed=false
2026-05-07T23:24:27.097+05:30  INFO 2690 --- [scheduling-1] c.s.s.kafka.TodoDeadlineScheduler        : Overdue event fired for todo: 'Seperate Logs'
2026-05-07T23:24:27.099+05:30 DEBUG 2690 --- [scheduling-1] org.hibernate.SQL                        : 
    select
        t1_0.id,
        t1_0.completed,
        t1_0.created_at,
        t1_0.description,
        t1_0.due_date,
        t1_0.note_id,
        t1_0.priority,
        t1_0.title,
        t1_0.user_id,
        u1_0.id,
        u1_0.email,
        u1_0.full_name,
        u1_0.password 
    from
        todos t1_0 
    join
        users u1_0 
            on u1_0.id=t1_0.user_id 
    where
        t1_0.due_date between ? and ? 
        and t1_0.completed=false
2026-05-07T23:24:27.112+05:30 ERROR 2690 --- [org.springframework.kafka.KafkaListenerEndpointContainer#1-0-C-1] c.s.s.kafka.TodoEventConsumer            : 🔴 OVERDUE: 'Seperate Logs' for test@test.com
2026-05-07T23:25:27.078+05:30 DEBUG 2690 --- [scheduling-1] org.hibernate.SQL                        : 
    select
        t1_0.id,
        t1_0.completed,
        t1_0.created_at,
        t1_0.description,
        t1_0.due_date,
        t1_0.note_id,
        t1_0.priority,
        t1_0.title,
        t1_0.user_id,
        u1_0.id,
        u1_0.email,
        u1_0.full_name,
        u1_0.password 
    from
        todos t1_0 
    join
        users u1_0 
            on u1_0.id=t1_0.user_id 
    where
        t1_0.due_date<? 
        and t1_0.completed=false
2026-05-07T23:25:27.080+05:30  INFO 2690 --- [scheduling-1] c.s.s.kafka.TodoDeadlineScheduler        : Overdue event fired for todo: 'Seperate Logs'
2026-05-07T23:25:27.080+05:30 DEBUG 2690 --- [scheduling-1] org.hibernate.SQL                        : 
    select
        t1_0.id,
        t1_0.completed,
        t1_0.created_at,
        t1_0.description,
        t1_0.due_date,
        t1_0.note_id,
        t1_0.priority,
        t1_0.title,
        t1_0.user_id,
        u1_0.id,
        u1_0.email,
        u1_0.full_name,
        u1_0.password 
    from
        todos t1_0 
    join
        users u1_0 
            on u1_0.id=t1_0.user_id 
    where
        t1_0.due_date between ? and ? 
        and t1_0.completed=false
2026-05-07T23:25:27.089+05:30 ERROR 2690 --- [org.springframework.kafka.KafkaListenerEndpointContainer#1-0-C-1] c.s.s.kafka.TodoEventConsumer            : 🔴 OVERDUE: 'Seperate Logs' for test@test.com
2026-05-07T23:25:43.438+05:30  INFO 2690 --- [org.springframework.kafka.KafkaListenerEndpointContainer#0-0-C-1] k.c.c.i.ConsumerRebalanceListenerInvoker : [Consumer clientId=consumer-smartnotes-group-1, groupId=smartnotes-group] Revoke previously assigned partitions [note.events-0]
2026-05-07T23:25:43.438+05:30  INFO 2690 --- [org.springframework.kafka.KafkaListenerEndpointContainer#1-0-C-1] k.c.c.i.ConsumerRebalanceListenerInvoker : [Consumer clientId=consumer-smartnotes-group-2, groupId=smartnotes-group] Revoke previously assigned partitions [todo.events-0]
2026-05-07T23:25:43.438+05:30  INFO 2690 --- [org.springframework.kafka.KafkaListenerEndpointContainer#0-0-C-1] o.s.k.l.KafkaMessageListenerContainer    : smartnotes-group: partitions revoked: [note.events-0]
2026-05-07T23:25:43.438+05:30  INFO 2690 --- [org.springframework.kafka.KafkaListenerEndpointContainer#1-0-C-1] o.s.k.l.KafkaMessageListenerContainer    : smartnotes-group: partitions revoked: [todo.events-0]
2026-05-07T23:25:43.439+05:30  INFO 2690 --- [org.springframework.kafka.KafkaListenerEndpointContainer#0-0-C-1] o.a.k.c.c.internals.ConsumerCoordinator  : [Consumer clientId=consumer-smartnotes-group-1, groupId=smartnotes-group] Member consumer-smartnotes-group-1-c7603546-84d6-41bf-a554-e3bad438dadb sending LeaveGroup request to coordinator localhost:9092 (id: 2147483646 rack: null isFenced: false) due to the consumer unsubscribed from all topics
2026-05-07T23:25:43.439+05:30  INFO 2690 --- [org.springframework.kafka.KafkaListenerEndpointContainer#1-0-C-1] o.a.k.c.c.internals.ConsumerCoordinator  : [Consumer clientId=consumer-smartnotes-group-2, groupId=smartnotes-group] Member consumer-smartnotes-group-2-60536726-5efb-47f7-a7e6-aa0b11196d38 sending LeaveGroup request to coordinator localhost:9092 (id: 2147483646 rack: null isFenced: false) due to the consumer unsubscribed from all topics
2026-05-07T23:25:43.439+05:30  INFO 2690 --- [org.springframework.kafka.KafkaListenerEndpointContainer#0-0-C-1] o.a.k.c.c.internals.ConsumerCoordinator  : [Consumer clientId=consumer-smartnotes-group-1, groupId=smartnotes-group] Resetting generation and member id due to: consumer pro-actively leaving the group
2026-05-07T23:25:43.439+05:30  INFO 2690 --- [org.springframework.kafka.KafkaListenerEndpointContainer#1-0-C-1] o.a.k.c.c.internals.ConsumerCoordinator  : [Consumer clientId=consumer-smartnotes-group-2, groupId=smartnotes-group] Resetting generation and member id due to: consumer pro-actively leaving the group
2026-05-07T23:25:43.439+05:30  INFO 2690 --- [org.springframework.kafka.KafkaListenerEndpointContainer#0-0-C-1] o.a.k.c.c.internals.ConsumerCoordinator  : [Consumer clientId=consumer-smartnotes-group-1, groupId=smartnotes-group] Request joining group due to: consumer pro-actively leaving the group
2026-05-07T23:25:43.439+05:30  INFO 2690 --- [org.springframework.kafka.KafkaListenerEndpointContainer#1-0-C-1] o.a.k.c.c.internals.ConsumerCoordinator  : [Consumer clientId=consumer-smartnotes-group-2, groupId=smartnotes-group] Request joining group due to: consumer pro-actively leaving the group
2026-05-07T23:25:43.439+05:30  INFO 2690 --- [org.springframework.kafka.KafkaListenerEndpointContainer#0-0-C-1] o.a.k.c.c.i.ClassicKafkaConsumer         : [Consumer clientId=consumer-smartnotes-group-1, groupId=smartnotes-group] Unsubscribed all topics or patterns and assigned partitions
2026-05-07T23:25:43.439+05:30  INFO 2690 --- [org.springframework.kafka.KafkaListenerEndpointContainer#1-0-C-1] o.a.k.c.c.i.ClassicKafkaConsumer         : [Consumer clientId=consumer-smartnotes-group-2, groupId=smartnotes-group] Unsubscribed all topics or patterns and assigned partitions
2026-05-07T23:25:43.442+05:30  INFO 2690 --- [org.springframework.kafka.KafkaListenerEndpointContainer#0-0-C-1] o.a.k.c.c.internals.ConsumerCoordinator  : [Consumer clientId=consumer-smartnotes-group-1, groupId=smartnotes-group] Resetting generation and member id due to: consumer pro-actively leaving the group
2026-05-07T23:25:43.442+05:30  INFO 2690 --- [org.springframework.kafka.KafkaListenerEndpointContainer#1-0-C-1] o.a.k.c.c.internals.ConsumerCoordinator  : [Consumer clientId=consumer-smartnotes-group-2, groupId=smartnotes-group] Resetting generation and member id due to: consumer pro-actively leaving the group
2026-05-07T23:25:43.442+05:30  INFO 2690 --- [org.springframework.kafka.KafkaListenerEndpointContainer#0-0-C-1] o.a.k.c.c.internals.ConsumerCoordinator  : [Consumer clientId=consumer-smartnotes-group-1, groupId=smartnotes-group] Request joining group due to: consumer pro-actively leaving the group
2026-05-07T23:25:43.442+05:30  INFO 2690 --- [org.springframework.kafka.KafkaListenerEndpointContainer#1-0-C-1] o.a.k.c.c.internals.ConsumerCoordinator  : [Consumer clientId=consumer-smartnotes-group-2, groupId=smartnotes-group] Request joining group due to: consumer pro-actively leaving the group
2026-05-07T23:25:43.694+05:30  INFO 2690 --- [org.springframework.kafka.KafkaListenerEndpointContainer#1-0-C-1] o.apache.kafka.common.metrics.Metrics    : Metrics scheduler closed
2026-05-07T23:25:43.694+05:30  INFO 2690 --- [org.springframework.kafka.KafkaListenerEndpointContainer#1-0-C-1] o.apache.kafka.common.metrics.Metrics    : Closing reporter org.apache.kafka.common.metrics.JmxReporter
2026-05-07T23:25:43.694+05:30  INFO 2690 --- [org.springframework.kafka.KafkaListenerEndpointContainer#1-0-C-1] o.apache.kafka.common.metrics.Metrics    : Closing reporter org.apache.kafka.common.telemetry.internals.ClientTelemetryReporter
2026-05-07T23:25:43.694+05:30  INFO 2690 --- [org.springframework.kafka.KafkaListenerEndpointContainer#1-0-C-1] o.apache.kafka.common.metrics.Metrics    : Metrics reporters closed
2026-05-07T23:25:43.699+05:30  INFO 2690 --- [org.springframework.kafka.KafkaListenerEndpointContainer#1-0-C-1] o.a.kafka.common.utils.AppInfoParser     : App info kafka.consumer for consumer-smartnotes-group-2 unregistered
2026-05-07T23:25:43.699+05:30  INFO 2690 --- [org.springframework.kafka.KafkaListenerEndpointContainer#1-0-C-1] o.s.k.l.KafkaMessageListenerContainer    : smartnotes-group: Consumer stopped
2026-05-07T23:25:43.769+05:30  INFO 2690 --- [org.springframework.kafka.KafkaListenerEndpointContainer#0-0-C-1] o.apache.kafka.common.metrics.Metrics    : Metrics scheduler closed
2026-05-07T23:25:43.769+05:30  INFO 2690 --- [org.springframework.kafka.KafkaListenerEndpointContainer#0-0-C-1] o.apache.kafka.common.metrics.Metrics    : Closing reporter org.apache.kafka.common.metrics.JmxReporter
2026-05-07T23:25:43.769+05:30  INFO 2690 --- [org.springframework.kafka.KafkaListenerEndpointContainer#0-0-C-1] o.apache.kafka.common.metrics.Metrics    : Closing reporter org.apache.kafka.common.telemetry.internals.ClientTelemetryReporter
2026-05-07T23:25:43.769+05:30  INFO 2690 --- [org.springframework.kafka.KafkaListenerEndpointContainer#0-0-C-1] o.apache.kafka.common.metrics.Metrics    : Metrics reporters closed
2026-05-07T23:25:43.770+05:30  INFO 2690 --- [org.springframework.kafka.KafkaListenerEndpointContainer#0-0-C-1] o.a.kafka.common.utils.AppInfoParser     : App info kafka.consumer for consumer-smartnotes-group-1 unregistered
2026-05-07T23:25:43.771+05:30  INFO 2690 --- [org.springframework.kafka.KafkaListenerEndpointContainer#0-0-C-1] o.s.k.l.KafkaMessageListenerContainer    : smartnotes-group: Consumer stopped
2026-05-07T23:25:43.773+05:30  INFO 2690 --- [SpringApplicationShutdownHook] o.s.boot.tomcat.GracefulShutdown         : Commencing graceful shutdown. Waiting for active requests to complete
2026-05-07T23:25:43.781+05:30  INFO 2690 --- [tomcat-shutdown] o.s.boot.tomcat.GracefulShutdown         : Graceful shutdown complete
2026-05-07T23:25:43.783+05:30  INFO 2690 --- [SpringApplicationShutdownHook] o.a.k.clients.producer.KafkaProducer     : [Producer clientId=producer-1] Closing the Kafka producer with timeoutMillis = 30000 ms.
2026-05-07T23:25:43.784+05:30  INFO 2690 --- [SpringApplicationShutdownHook] o.apache.kafka.common.metrics.Metrics    : Metrics scheduler closed
2026-05-07T23:25:43.785+05:30  INFO 2690 --- [SpringApplicationShutdownHook] o.apache.kafka.common.metrics.Metrics    : Closing reporter org.apache.kafka.common.metrics.JmxReporter
2026-05-07T23:25:43.785+05:30  INFO 2690 --- [SpringApplicationShutdownHook] o.apache.kafka.common.metrics.Metrics    : Closing reporter org.apache.kafka.common.telemetry.internals.ClientTelemetryReporter
2026-05-07T23:25:43.785+05:30  INFO 2690 --- [SpringApplicationShutdownHook] o.apache.kafka.common.metrics.Metrics    : Metrics reporters closed
2026-05-07T23:25:43.785+05:30  INFO 2690 --- [SpringApplicationShutdownHook] o.a.kafka.common.utils.AppInfoParser     : App info kafka.producer for producer-1 unregistered
2026-05-07T23:25:43.790+05:30  INFO 2690 --- [SpringApplicationShutdownHook] j.LocalContainerEntityManagerFactoryBean : Closing JPA EntityManagerFactory for persistence unit 'default'
2026-05-07T23:25:43.794+05:30  INFO 2690 --- [SpringApplicationShutdownHook] com.zaxxer.hikari.HikariDataSource       : HikariPool-1 - Shutdown initiated...
2026-05-07T23:25:43.794+05:30  INFO 2690 --- [SpringApplicationShutdownHook] com.zaxxer.hikari.HikariDataSource       : HikariPool-1 - Shutdown completed.
